"id","name","country_id","created_at","updated_at","position"
60,"Berlin",1,"2010-11-04 12:50:36","2010-11-04 12:50:36",
559,"Iğdır",67,"2015-05-12 11:59:43.350993","2015-05-12 11:59:43.350993",241
68,"Rheinland-Pfalz",1,"2010-11-04 12:50:36","2010-11-04 12:50:36",
67,"Nordrhein-Westfalen",1,"2010-11-04 12:50:36","2010-11-04 12:50:36",
568,"Pasardschik",19,"2015-05-12 13:05:21.094766","2015-05-12 13:05:21.094766",250
65,"Mecklenburg-Vorpommern",1,"2010-11-04 12:50:36","2010-11-04 12:50:36",
64,"Hessen",1,"2010-11-04 12:50:36","2010-11-04 12:50:36",
63,"Hamburg",1,"2010-11-04 12:50:36","2010-11-04 12:50:36",
61,"Brandenburg",1,"2010-11-04 12:50:36","2010-11-04 12:50:36",
59,"Bayern",1,"2010-11-04 12:50:36","2010-11-04 12:50:36",
58,"Baden-Württemberg",1,"2010-11-04 12:50:36","2010-11-04 12:50:36",
62,"Bremen",1,"2010-11-04 12:50:36","2010-11-04 12:50:36",
72,"Schleswig-Holstein",1,"2010-11-04 12:50:36","2010-11-04 12:50:36",
69,"Saarland",1,"2010-11-04 12:50:36","2010-11-04 12:50:36",
36,"Thurgau",2,"2010-11-04 12:50:36","2010-11-04 12:50:36",
29,"Obwalden",2,"2010-11-04 12:50:36","2010-11-04 12:50:36",
30,"Ostschweiz",2,"2010-11-04 12:50:36","2010-11-04 12:50:36",
31,"Région Lémanique",2,"2010-11-04 12:50:36","2010-11-04 12:50:36",
32,"Sankt Gallen",2,"2010-11-04 12:50:36","2010-11-04 12:50:36",
33,"Schaffhausen",2,"2010-11-04 12:50:36","2010-11-04 12:50:36",
34,"Schwyz",2,"2010-11-04 12:50:36","2010-11-04 12:50:36",
38,"Uri",2,"2010-11-04 12:50:36","2010-11-04 12:50:36",
39,"Valais",2,"2010-11-04 12:50:36","2010-11-04 12:50:36",
40,"Vaud",2,"2010-11-04 12:50:36","2010-11-04 12:50:36",
41,"Zentralschweiz",2,"2010-11-04 12:50:36","2010-11-04 12:50:36",
28,"Nordwestschweiz",2,"2010-11-04 12:50:36","2010-11-04 12:50:36",
43,"Zürich",2,"2010-11-04 12:50:36","2010-11-04 12:50:36",
35,"Solothurn",2,"2010-11-04 12:50:36","2010-11-04 12:50:36",
42,"Zug",2,"2010-11-04 12:50:36","2010-11-04 12:50:36",
19,"Espace Mittelland",2,"2010-11-04 12:50:36","2010-11-04 12:50:36",
27,"Nidwalden",2,"2010-11-04 12:50:36","2010-11-04 12:50:36",
14,"Appenzell Ausser-Rhoden",2,"2010-11-04 12:50:36","2010-11-04 12:50:36",
15,"Appenzell Inner-Rhoden",2,"2010-11-04 12:50:36","2010-11-04 12:50:36",
16,"Basel-Landschaft",2,"2010-11-04 12:50:36","2010-11-04 12:50:36",
37,"Ticino",2,"2010-11-04 12:50:36","2010-11-04 12:50:36",
18,"Bern",2,"2010-11-04 12:50:36","2010-11-04 12:50:36",
20,"Fribourg",2,"2010-11-04 12:50:36","2010-11-04 12:50:36",
13,"Aargau",2,"2010-11-04 12:50:36","2010-11-04 12:50:36",
21,"Geneve-Genf",2,"2010-11-04 12:50:36","2010-11-04 12:50:36",
22,"Glarus",2,"2010-11-04 12:50:36","2010-11-04 12:50:36",
23,"Graubünden",2,"2010-11-04 12:50:36","2010-11-04 12:50:36",
24,"Jura",2,"2010-11-04 12:50:36","2010-11-04 12:50:36",
25,"Luzern",2,"2010-11-04 12:50:36","2010-11-04 12:50:36",
26,"Neuchatel",2,"2010-11-04 12:50:36","2010-11-04 12:50:36",
17,"Basel-Stadt",2,"2010-11-04 12:50:36","2010-11-04 12:50:36",
9,"Wien",3,"2010-11-04 12:50:36","2010-11-04 12:50:36",
2,"Kärnten",3,"2010-11-04 12:50:36","2010-11-04 12:50:36",
3,"Niederösterreich",3,"2010-11-04 12:50:36","2010-11-04 12:50:36",
4,"Oberösterreich",3,"2010-11-04 12:50:36","2010-11-04 12:50:36",
5,"Salzburg",3,"2010-11-04 12:50:36","2010-11-04 12:50:36",
6,"Steiermark",3,"2010-11-04 12:50:36","2010-11-04 12:50:36",
7,"Tirol",3,"2010-11-04 12:50:36","2010-11-04 12:50:36",
8,"Vorarlberg",3,"2010-11-04 12:50:36","2010-11-04 12:50:36",
1,"Burgenland",3,"2010-11-04 12:50:36","2010-11-04 12:50:36",
112,"Noord-Holland",4,"2010-11-04 12:50:36","2010-11-04 12:50:36",
105,"Drenthe",4,"2010-11-04 12:50:36","2010-11-04 12:50:36",
116,"Zuid-Holland",4,"2010-11-04 12:50:36","2010-11-04 12:50:36",
115,"Zeeland",4,"2010-11-04 12:50:36","2010-11-04 12:50:36",
114,"Utrecht",4,"2010-11-04 12:50:36","2010-11-04 12:50:36",
113,"Overijssel",4,"2010-11-04 12:50:36","2010-11-04 12:50:36",
110,"Limburg",4,"2010-11-04 12:50:36","2010-11-04 12:50:36",
109,"Groningen",4,"2010-11-04 12:50:36","2010-11-04 12:50:36",
108,"Gelderland",4,"2010-11-04 12:50:36","2010-11-04 12:50:36",
106,"Flevoland",4,"2010-11-04 12:50:36","2010-11-04 12:50:36",
107,"Fryslân",4,"2010-11-04 12:50:36","2010-11-04 12:50:36",
111,"Noord-Brabant",4,"2010-11-04 12:50:36","2010-11-04 12:50:36",
12,"Wallonische Region",5,"2010-11-04 12:50:36","2010-11-04 12:50:36",
10,"Flämische Region",5,"2010-11-04 12:50:36","2010-11-04 12:50:36",
11,"Region Brüssel-Hauptstadt",5,"2010-11-04 12:50:36","2010-11-04 12:50:36",
104,"Rhône-Alpes",7,"2010-11-04 12:50:36","2010-11-04 12:50:36",
94,"Limousin",7,"2010-11-04 12:50:36","2010-11-04 12:50:36",
95,"Lothringen",7,"2010-11-04 12:50:36","2010-11-04 12:50:36",
96,"Martinique",7,"2010-11-04 12:50:36","2010-11-04 12:50:36",
97,"Midi-Pyrénées",7,"2010-11-04 12:50:36","2010-11-04 12:50:36",
98,"Nord-Pas-de-Calais",7,"2010-11-04 12:50:36","2010-11-04 12:50:36",
99,"Pays de la Loire",7,"2010-11-04 12:50:36","2010-11-04 12:50:36",
100,"Picardie",7,"2010-11-04 12:50:36","2010-11-04 12:50:36",
101,"Poitou-Charentes",7,"2010-11-04 12:50:36","2010-11-04 12:50:36",
93,"Languedoc-Roussillon",7,"2010-11-04 12:50:36","2010-11-04 12:50:36",
103,"Réunion",7,"2010-11-04 12:50:36","2010-11-04 12:50:36",
90,"Haute-Normandie",7,"2010-11-04 12:50:36","2010-11-04 12:50:36",
102,"Provence-Alpes-Côte d'Azur",7,"2010-11-04 12:50:36","2010-11-04 12:50:36",
84,"Centre",7,"2010-11-04 12:50:36","2010-11-04 12:50:36",
79,"Aquitanien",7,"2010-11-04 12:50:36","2010-11-04 12:50:36",
80,"Auvergne",7,"2010-11-04 12:50:36","2010-11-04 12:50:36",
81,"Basse-Normandie",7,"2010-11-04 12:50:36","2010-11-04 12:50:36",
92,"Korsika",7,"2010-11-04 12:50:36","2010-11-04 12:50:36",
83,"Burgund",7,"2010-11-04 12:50:36","2010-11-04 12:50:36",
85,"Champagne-Ardenne",7,"2010-11-04 12:50:36","2010-11-04 12:50:36",
86,"Elsass",7,"2010-11-04 12:50:36","2010-11-04 12:50:36",
87,"Franche-Comté",7,"2010-11-04 12:50:36","2010-11-04 12:50:36",
88,"Französisch-Guayana",7,"2010-11-04 12:50:36","2010-11-04 12:50:36",
89,"Guadeloupe",7,"2010-11-04 12:50:36","2010-11-04 12:50:36",
91,"Île-de-France",7,"2010-11-04 12:50:36","2010-11-04 12:50:36",
82,"Bretagne",7,"2010-11-04 12:50:36","2010-11-04 12:50:36",
74,"Hovedstaden",8,"2010-11-04 12:50:36","2010-11-04 12:50:36",
75,"Midtjylland",8,"2010-11-04 12:50:36","2010-11-04 12:50:36",
76,"Nordjylland",8,"2010-11-04 12:50:36","2010-11-04 12:50:36",
77,"Sjælland",8,"2010-11-04 12:50:36","2010-11-04 12:50:36",
78,"Syddanmark",8,"2010-11-04 12:50:36","2010-11-04 12:50:36",
125,"Lublin/Lubelskie",11,"2010-11-04 12:50:36","2010-11-04 12:50:36",
132,"Westpommern/Zachodniopomorskie",11,"2010-11-04 12:50:36","2010-11-04 12:50:36",
131,"Schlesien/Śląskie",11,"2010-11-04 12:50:36","2010-11-04 12:50:36",
130,"Pommern/Pomorskie",11,"2010-11-04 12:50:36","2010-11-04 12:50:36",
129,"Podlachien/Podlaskie",11,"2010-11-04 12:50:36","2010-11-04 12:50:36",
128,"Oppeln/Oppolskie",11,"2010-11-04 12:50:36","2010-11-04 12:50:36",
126,"Masowien/Mazowieckie",11,"2010-11-04 12:50:36","2010-11-04 12:50:36",
117,"Ermland-Masuren/Warmińsko-Mazurskie",11,"2010-11-04 12:50:36","2010-11-04 12:50:36",
123,"Lebus/Lubuskie",11,"2010-11-04 12:50:36","2010-11-04 12:50:36",
122,"Kujawien-Pommern/Kujawsko-Pomorskie",11,"2010-11-04 12:50:36","2010-11-04 12:50:36",
121,"Kleinpolen/Małopolskie",11,"2010-11-04 12:50:36","2010-11-04 12:50:36",
120,"Karpatenvorland/Podkarpackie",11,"2010-11-04 12:50:36","2010-11-04 12:50:36",
119,"Heiligkreuz/Świętokrzyskie",11,"2010-11-04 12:50:36","2010-11-04 12:50:36",
118,"Großpolen/Wielkopolskie",11,"2010-11-04 12:50:36","2010-11-04 12:50:36",
124,"Lodsch/Łódzkie",11,"2010-11-04 12:50:36","2010-11-04 12:50:36",
127,"Niederschlesien/Dolnośląskie",11,"2010-11-04 12:50:36","2010-11-04 12:50:36",
139,"Trentschin/Trenčiansky kraj",14,"2010-11-04 12:50:36","2010-11-04 12:50:36",
138,"Sillein/Žilinský kraj",14,"2010-11-04 12:50:36","2010-11-04 12:50:36",
137,"Preßburg/Bratislavský kraj",14,"2010-11-04 12:50:36","2010-11-04 12:50:36",
136,"Neutra/Nitriansky kraj",14,"2010-11-04 12:50:36","2010-11-04 12:50:36",
135,"Neusohler/Banskobystrický kraj",14,"2010-11-04 12:50:36","2010-11-04 12:50:36",
134,"Kaschau/Košický kraj",14,"2010-11-04 12:50:36","2010-11-04 12:50:36",
140,"Tyrnau/Trnavský kraj",14,"2010-11-04 12:50:36","2010-11-04 12:50:36",
133,"Eperies/Prešovský kraj",14,"2010-11-04 12:50:36","2010-11-04 12:50:36",
53,"Prag / Hlavní město Praha",13,"2010-11-04 12:50:36","2010-11-04 12:50:36",
49,"Mittelböhmische Region / Středočeský kraj",13,"2010-11-04 12:50:36","2010-11-04 12:50:36",
52,"Pilsen / Plzeňský kraj",13,"2010-11-04 12:50:36","2010-11-04 12:50:36",
46,"Karlsbad / Karlovarský kraj",13,"2010-11-04 12:50:36","2010-11-04 12:50:36",
44,"Aussig / Ústecký kraj",13,"2010-11-04 12:50:36","2010-11-04 12:50:36",
54,"Reichenberg / Liberecký kraj",13,"2010-11-04 12:50:36","2010-11-04 12:50:36",
47,"Königgrätz / Královéhradecký kraj",13,"2010-11-04 12:50:36","2010-11-04 12:50:36",
51,"Pardubice / Pardubický kraj",13,"2010-11-04 12:50:36","2010-11-04 12:50:36",
45,"Hochland / Kraj Vysočina",13,"2010-11-04 12:50:36","2010-11-04 12:50:36",
55,"Südböhmische Region / Jihočeský kraj",13,"2010-11-04 12:50:36","2010-11-04 12:50:36",
56,"Südmährische Region / Jihomoravský kraj",13,"2010-11-04 12:50:36","2010-11-04 12:50:36",
50,"Olmütz / Olomoucký kraj",13,"2010-11-04 12:50:36","2010-11-04 12:50:36",
48,"Mährisch-Schlesien / Moravskoslezský kraj",13,"2010-11-04 12:50:36","2010-11-04 12:50:36",
57,"Zlín / Zlínský kraj",13,"2010-11-04 12:50:36","2010-11-04 12:50:36",
147,"Basilicata",27,"2011-07-27 13:46:55.980909","2014-07-17 10:59:00.656253",
560,"Larnaka",69,"2015-05-12 12:01:21.331644","2015-05-12 12:01:21.331644",242
561,"Aragazotn",52,"2015-05-12 12:04:24.200484","2015-05-12 12:04:24.200484",243
142,"Lower Austria",3,"2011-07-27 11:46:41.901827","2011-07-27 11:46:41.901827",
145,"Kujawsko-Pomorskie",11,"2011-07-27 11:57:31.549705","2011-07-27 11:57:31.549705",
146,"Ḩaḑramawt",41,"2011-07-27 13:14:38.665605","2011-07-27 13:14:38.665605",
148,"n/a",15,"2011-07-27 13:53:02.14565","2011-07-27 13:53:02.14565",
149,"Carinthia",3,"2011-07-27 14:02:58.964431","2011-07-27 14:02:58.964431",
150,"Upper Austria",3,"2011-07-27 14:49:36.168867","2011-07-27 14:49:36.168867",
151,"Walloon Region",5,"2011-07-27 15:38:34.822485","2011-07-27 15:38:34.822485",
152,"Brussels Capital Region",5,"2011-07-27 16:04:00.693584","2011-07-27 16:04:00.693584",
153,"Flanders",5,"2011-07-27 16:17:07.129972","2011-07-27 16:17:07.129972",
154,"Kronoberg",37,"2011-08-01 09:47:30.456164","2011-08-01 09:47:30.456164",
155,"Gävleborg",37,"2011-08-01 09:48:17.821777","2011-08-01 09:48:17.821777",
156,"Uppsala",37,"2011-08-01 09:48:42.762799","2011-08-01 09:48:42.762799",
157,"Skaraborg",37,"2011-08-01 09:49:02.303961","2011-08-01 09:49:02.303961",
158,"Neuchâtel",2,"2011-08-04 13:12:38.857208","2011-08-04 13:12:38.857208",
159,"Genève",2,"2011-08-05 07:38:42.938124","2011-08-05 07:38:42.938124",
160,"Pest",25,"2011-08-08 12:18:57.436041","2011-08-08 12:18:57.436041",
161,"Středočeský Kraj",13,"2011-08-08 12:19:17.823888","2011-08-08 12:19:17.823888",
162,"Zlínský Kraj",13,"2011-08-08 12:19:32.87051","2011-08-08 12:19:32.87051",
163,"Hesse",1,"2011-08-08 12:20:56.851215","2011-08-08 12:20:56.851215",
164,"Lower Saxony",1,"2011-08-08 12:25:27.285366","2011-08-08 12:25:27.285366",
165,"North Rhine-Westphalia",1,"2011-08-08 12:28:43.274194","2011-08-08 12:28:43.274194",
166,"Rhineland-Palatinate",1,"2011-08-08 12:29:24.783653","2011-08-08 12:29:24.783653",
167,"Saxony-Anhalt",1,"2011-08-08 12:30:01.950752","2011-08-08 12:30:01.950752",
168,"Ústecký Kraj",13,"2011-08-09 12:08:36.305085","2011-08-09 12:08:36.305085",
169,"South Moravian Region",13,"2011-08-09 12:14:28.515517","2011-08-09 12:14:28.515517",
170,"Nitriansky",14,"2011-08-09 12:38:37.76551","2011-08-09 12:38:37.76551",
171,"Královéhradecký Kraj",13,"2011-08-09 12:41:33.485544","2011-08-09 12:41:33.485544",
172,"Hlavní Mesto Praha",13,"2011-08-09 12:45:51.858666","2011-08-09 12:45:51.858666",
173,"n/a",14,"2011-08-09 12:46:50.100621","2011-08-09 12:46:50.100621",
174,"Saxony",1,"2011-08-09 13:09:05.538116","2011-08-09 13:09:05.538116",
175,"Jihočeský Kraj",13,"2011-08-09 13:14:35.974709","2011-08-09 13:14:35.974709",
176,"Bavaria",1,"2011-08-09 14:46:00.535317","2011-08-09 14:46:00.535317",
177,"Thuringia",1,"2011-08-10 13:39:57.60729","2011-08-10 13:39:57.60729",
178,"North Jutland",8,"2011-09-13 13:43:21.088894","2011-09-13 13:43:21.088894",
179,"Central Jutland",8,"2011-09-13 13:49:00.795653","2011-09-13 13:49:00.795653",
180,"South Denmark",8,"2011-09-13 13:52:35.072303","2011-09-13 13:52:35.072303",
181,"Zealand",8,"2011-09-13 14:02:17.956892","2011-09-13 14:02:17.956892",
182,"Capital Region",8,"2011-09-13 14:06:52.600352","2011-09-13 14:06:52.600352",
183,"Bourgogne",7,"2011-09-14 09:54:24.335793","2011-09-14 09:54:24.335793",
184,"Alsace",7,"2011-09-14 11:31:56.034581","2011-09-14 11:31:56.034581",
185,"Lorraine",7,"2011-09-14 11:39:48.498231","2011-09-14 11:39:48.498231",
186,"Friesland",4,"2011-09-14 12:40:19.236592","2011-09-14 12:40:19.236592",
187,"North Holland",4,"2011-09-14 14:19:44.06524","2011-09-14 14:19:44.06524",
188,"South Holland",4,"2011-09-14 14:26:27.33804","2011-09-14 14:26:27.33804",
189,"North Brabant",4,"2011-09-15 08:07:50.665518","2011-09-15 08:07:50.665518",
190,"Świętokrzyskie",11,"2011-09-15 08:26:43.625611","2011-09-15 08:26:43.625611",
191,"Lesser Poland Voivodeship",11,"2011-09-15 09:17:21.077444","2011-09-15 09:17:21.077444",
192,"Masovian Voivodeship",11,"2011-09-15 09:19:15.464008","2011-09-15 09:19:15.464008",
193,"Lublin Voivodeship",11,"2011-09-15 09:19:40.465435","2011-09-15 09:19:40.465435",
194,"Pomeranian Voivodeship",11,"2011-09-15 09:26:25.955182","2011-09-15 09:26:25.955182",
195,"Lower Silesian Voivodeship",11,"2011-09-15 09:39:24.452383","2011-09-15 09:39:24.452383",
196,"Silesian Voivodeship",11,"2011-09-15 09:43:56.145569","2011-09-15 09:43:56.145569",
197,"West Pomeranian Voivodeship",11,"2011-09-15 12:06:23.89555","2011-09-15 12:06:23.89555",
198,"Stockholm",37,"2011-09-15 13:46:18.327899","2011-09-15 13:46:18.327899",
199,"Halland",37,"2011-09-15 13:50:49.417726","2011-09-15 13:50:49.417726",
200,"Goteborgs Och Bohus",37,"2011-09-15 13:55:46.090848","2011-09-15 13:55:46.090848",
201,"Västra Götaland",37,"2011-09-15 14:10:46.268708","2011-09-15 14:10:46.268708",
202,"Kristianstad",37,"2011-09-16 06:07:08.620333","2011-09-16 06:07:08.620333",
203,"Kalmar",37,"2011-09-16 06:09:48.452838","2011-09-16 06:09:48.452838",
204,"n/a",37,"2011-09-16 06:27:37.399124","2011-09-16 06:27:37.399124",
205,"Łódź Voivodeship",11,"2011-09-16 06:54:26.938712","2011-09-16 06:54:26.938712",
206,"Greater Poland Voivodeship",11,"2011-09-16 08:11:38.03734","2011-09-16 08:11:38.03734",
207,"Blekinge",37,"2011-09-16 08:13:51.633206","2011-09-16 08:13:51.633206",
208,"Örebro",37,"2011-09-16 08:37:34.705563","2011-09-16 08:37:34.705563",
209,"Malmohus",37,"2011-09-16 08:42:35.405582","2011-09-16 08:42:35.405582",
210,"Skåne",37,"2011-09-16 09:35:39.705966","2011-09-16 09:35:39.705966",
211,"Södermanland",37,"2011-09-16 11:09:06.475175","2011-09-16 11:09:06.475175",
212,"Östergötland",37,"2011-09-16 11:31:28.831571","2011-09-16 11:31:28.831571",
213,"Gotland",37,"2011-09-16 11:34:42.06397","2011-09-16 11:34:42.06397",
214,"Västmanland",37,"2011-09-16 11:41:14.752347","2011-09-16 11:41:14.752347",
215,"Hordaland",31,"2011-09-16 12:17:18.769708","2011-09-16 12:17:18.769708",
216,"Østfold",31,"2011-09-16 12:18:03.920907","2011-09-16 12:18:03.920907",
217,"Buskerud",31,"2011-09-16 12:26:35.788407","2011-09-16 12:26:35.788407",
218,"Västerbotten",37,"2011-09-16 12:26:59.019452","2011-09-16 12:26:59.019452",
219,"Dalarna",37,"2011-10-12 08:41:22.414425","2011-10-12 08:41:22.414425",
220,"Värmland",37,"2011-10-12 08:43:34.568137","2011-10-12 08:43:34.568137",
221,"Catalunya",36,"2011-10-12 13:04:38.008856","2011-10-12 13:04:38.008856",
222,"Catalonia",36,"2011-10-14 06:18:49.532238","2011-10-14 06:18:49.532238",
223,"Valencia",36,"2011-10-14 06:32:02.770958","2011-10-14 06:32:02.770958",
224,"Balears",36,"2011-10-14 16:25:56.505672","2011-10-14 16:25:56.505672",
225,"n/a",1,"2011-10-17 08:44:52.116968","2011-10-17 08:44:52.116968",
226,"n/a",31,"2011-10-17 12:09:33.920379","2011-10-17 12:09:33.920379",
227,"Munster",26,"2011-10-24 13:03:32.129266","2011-10-24 13:03:32.129266",
228,"Province of Groningen",4,"2011-11-03 12:00:41.232747","2011-11-03 12:00:41.232747",
229,"Alvsborg ",37,"2011-12-30 16:30:19.024209","2011-12-30 16:30:19.024209",
230,"Aust-Agder",31,"2012-01-02 16:57:02.247068","2012-01-02 16:57:02.247068",
231,"Rogaland",31,"2012-01-02 17:30:36.844698","2012-01-02 17:30:36.844698",
232,"n/a",42,"2012-01-03 09:12:47.109877","2012-01-03 09:12:47.109877",
233,"Basel-Country",2,"2012-01-03 09:44:18.098912","2012-01-03 09:44:18.098912",
562,"Galicia",36,"2015-05-12 12:18:58.981179","2015-05-12 12:18:58.981179",244
565,"Illizi",88,"2015-05-12 12:29:40.220057","2015-05-12 12:29:40.220057",247
566,"Isfahan",56,"2015-05-12 12:31:17.234762","2015-05-12 12:31:17.234762",248
234,"Olomoucký Kraj",13,"2012-01-03 09:49:33.548598","2012-01-03 09:49:33.548598",
235,"Provincie Friesland",4,"2012-01-05 14:33:27.137318","2012-01-05 14:33:27.137318",
236,"England",43,"2012-02-01 14:29:41.501254","2012-02-01 14:29:41.501254",
237,"n/a",44,"2012-03-02 10:05:20.961047","2012-03-02 10:05:20.961047",
238,"n/a",8,"2012-03-29 12:15:57.64237","2012-03-29 12:15:57.64237",
239,"Veszprém",25,"2012-04-26 13:49:03.645553","2012-04-26 13:49:03.645553",
240,"Tulcea",34,"2012-04-30 10:31:47.747038","2012-04-30 10:31:47.747038",
241,"Constanţa",34,"2012-04-30 11:05:10.348257","2012-04-30 11:05:10.348257",
242,"Csongrád",25,"2012-04-30 11:23:09.14744","2012-04-30 11:23:09.14744",
243,"Békés",25,"2012-04-30 11:28:40.901524","2012-04-30 11:28:40.901524",
244,"Zala",25,"2012-04-30 11:46:28.357105","2012-04-30 11:46:28.357105",
245,"Borsod-Abaúj-Zemplén",25,"2012-04-30 12:01:52.354629","2012-04-30 12:01:52.354629",
246,"Heves",25,"2012-04-30 12:09:15.029899","2012-04-30 12:09:15.029899",
247,"Lovech",19,"2012-04-30 12:22:30.487973","2012-04-30 12:22:30.487973",
248,"Khaskovo",19,"2012-04-30 12:40:43.935692","2012-04-30 12:40:43.935692",
249,"Plovdiv",19,"2012-05-02 08:39:43.309306","2012-05-02 08:39:43.309306",
250,"Burgas",19,"2012-05-02 08:50:41.82897","2012-05-02 08:50:41.82897",
251,"Călăraşi",34,"2012-05-02 09:53:31.137574","2012-05-02 09:53:31.137574",
252,"n/a",45,"2012-05-02 10:38:04.305538","2012-05-02 10:38:04.305538",
563,"Sahel",87,"2015-05-12 12:23:24.176999","2015-05-12 12:23:24.176999",245
254,"Central Macedonia",24,"2012-05-02 12:23:24.020065","2012-05-02 12:23:24.020065",
255,"West Macedonia",24,"2012-05-02 14:08:21.923757","2012-05-02 14:08:21.923757",
256,"n/a",46,"2012-05-02 14:45:04.816906","2012-05-02 14:45:04.816906",
257,"n/a",47,"2012-05-02 14:49:25.941273","2012-05-02 14:49:25.941273",
564,"Kardschali",19,"2015-05-12 12:26:35.815926","2015-05-12 12:26:35.815926",246
259,"n/a",49,"2012-05-14 12:42:59.960863","2012-05-14 12:42:59.960863",
260,"Crete",24,"2012-05-18 11:58:02.684563","2012-05-18 11:58:02.684563",
261,"Ionian Islands",24,"2012-05-18 12:29:33.801153","2012-05-18 12:29:33.801153",
262,"South Aegean",24,"2012-05-18 12:44:20.670992","2012-05-18 12:44:20.670992",
263,"Peloponnese",24,"2012-05-29 06:46:36.343698","2012-05-29 06:46:36.343698",
264,"Central Greece",24,"2012-05-29 07:47:02.264872","2012-05-29 07:47:02.264872",
265,"Epirus",24,"2012-05-29 08:09:54.188177","2012-05-29 08:09:54.188177",
266,"Thessaly",24,"2012-05-29 09:18:25.592342","2012-05-29 09:18:25.592342",
267,"East Macedonia and Thrace",24,"2012-05-30 10:32:29.970554","2012-05-30 10:32:29.970554",
268,"Varna",19,"2012-05-30 12:58:09.043127","2012-05-30 12:58:09.043127",
269,"Razgrad",19,"2012-05-30 13:13:37.337824","2012-05-30 13:13:37.337824",
270,"Vâlcea",34,"2012-06-13 08:33:03.47396","2012-06-13 08:33:03.47396",
271,"Caraş-Severin",34,"2012-06-27 11:57:19.300232","2012-06-27 11:57:19.300232",
272,"Giurgiu",34,"2012-06-27 12:02:34.455257","2012-06-27 12:02:34.455257",
273,"Neamţ",34,"2012-06-27 12:13:34.907036","2012-06-27 12:13:34.907036",
274,"Dolj",34,"2012-06-27 12:20:23.391396","2012-06-27 12:20:23.391396",
275,"Iaşi",34,"2012-06-27 12:34:26.103849","2012-06-27 12:34:26.103849",
276,"Chernivets'ka",38,"2012-06-27 13:15:50.480909","2012-06-27 13:15:50.480909",
277,"Szabolcs-Szatmár-Bereg",25,"2012-06-27 13:29:01.214832","2012-06-27 13:29:01.214832",
278,"Hajdú-Bihar",25,"2012-06-29 10:22:52.977869","2012-06-29 10:22:52.977869",
279,"n/a",50,"2013-04-24 14:50:28.920969","2013-04-24 14:50:28.920969",
567,"Suffolk",43,"2015-05-12 12:51:42.792318","2015-05-12 12:51:42.792318",249
283,"n/a",54,"2013-04-24 14:52:25.13582","2013-04-24 14:52:25.13582",
289,"n/a",60,"2013-04-24 14:55:43.01565","2013-04-24 14:55:43.01565",
291,"n/a",62,"2013-04-24 14:56:32.130851","2013-04-24 14:56:32.130851",
292,"n/a",63,"2013-04-24 14:56:55.786451","2013-04-24 14:56:55.786451",
293,"n/a",64,"2013-04-24 14:57:26.321633","2013-04-24 14:57:26.321633",
295,"n/a",66,"2013-04-24 14:58:18.293678","2013-04-24 14:58:18.293678",
298,"n/a",18,"2013-04-24 14:59:26.450292","2013-04-24 14:59:26.450292",
299,"n/a",19,"2013-04-24 14:59:41.056027","2013-04-24 14:59:41.056027",
301,"n/a",33,"2013-04-24 15:00:12.752595","2013-04-24 15:00:12.752595",
302,"n/a",30,"2013-04-24 15:00:26.974511","2013-04-24 15:00:26.974511",
303,"n/a",34,"2013-04-24 15:00:43.775707","2013-04-24 15:00:43.775707",
304,"n/a",35,"2013-04-24 15:00:58.777699","2013-04-24 15:00:58.777699",
305,"n/a",38,"2013-04-24 15:01:15.206119","2013-04-24 15:01:15.206119",
306,"n/a",25,"2013-04-24 15:01:29.703624","2013-04-24 15:01:29.703624",
309,"n/a",2,"2013-04-25 10:41:06.224486","2013-04-25 10:41:06.224486",
310,"n/a",3,"2013-04-25 10:43:03.314006","2013-04-25 10:43:03.314006",
311,"n/a",70,"2013-04-25 10:54:12.974298","2013-04-25 10:54:12.974298",
312,"n/a",11,"2013-04-25 10:57:17.0205","2013-04-25 10:57:17.0205",
313,"n/a",17,"2013-04-25 10:58:06.237682","2013-04-25 10:58:06.237682",
314,"n/a",13,"2013-04-25 11:02:43.343117","2013-04-25 11:02:43.343117",
316,"n/a",36,"2014-04-29 08:35:31.947349","2014-04-29 08:35:31.947349",1
281,"Sjunik",52,"2013-04-24 14:51:25.557279","2015-05-11 13:05:17.12812",
338,"al-Hudaida",74,"2014-07-15 13:04:15.286673","2014-07-15 13:04:15.286673",20
342,"Aberdeenshire",43,"2014-07-15 13:22:58.929082","2014-07-15 13:22:58.929082",24
349,"Cheshire",43,"2014-07-15 14:01:39.346844","2014-07-15 14:01:39.346844",31
350,"Māzandarān",56,"2014-07-15 14:03:51.551837","2014-07-15 14:03:51.551837",32
351,"Kalabrien",27,"2014-07-15 14:07:07.814893","2014-07-15 14:07:07.814893",33
339," Kermānschāh ",56,"2014-07-15 13:06:11.348236","2014-07-15 13:06:11.348236",21
347,"Orkney",43,"2014-07-15 13:39:56.545898","2014-07-15 13:39:56.545898",29
321,"n/a",7,"2014-04-29 08:38:18.127392","2014-04-29 08:38:18.127392",4
322,"n/a",5,"2014-04-29 08:39:07.633146","2014-04-29 08:39:07.633146",5
324,"n/a",72,"2014-04-29 08:40:46.303234","2014-04-29 08:40:46.303234",6
325,"Oxfordshire",43,"2014-05-26 12:41:27.669489","2014-05-26 12:41:27.669489",7
326,"Castanzaro",27,"2014-05-26 13:05:54.370628","2014-05-26 13:05:54.370628",8
327,"Cuneo",27,"2014-07-15 11:32:25.588609","2014-07-15 11:32:25.588609",9
328,"Schardscha",73,"2014-07-15 11:50:57.460373","2014-07-15 11:50:57.460373",10
329,"Santarém",32,"2014-07-15 11:57:16.739516","2014-07-15 11:57:16.739516",11
330,"Vojvodina",48,"2014-07-15 12:05:40.332292","2014-07-15 12:05:40.332292",12
331,"Idlib",65,"2014-07-15 12:31:11.319514","2014-07-15 12:31:11.319514",13
332,"Piemont",27,"2014-07-15 12:39:33.218175","2014-07-15 12:39:33.218175",14
333,"Abruzzo",27,"2014-07-15 12:41:37.162288","2014-07-15 12:41:37.162288",15
334,"Liguria",27,"2014-07-15 12:43:24.06875","2014-07-15 12:43:24.06875",16
335,"Fujairah",73,"2014-07-15 12:52:37.044809","2014-07-15 12:52:37.044809",17
336,"Somerset",43,"2014-07-15 12:58:24.210726","2014-07-15 12:58:24.210726",18
337,"Mechoz haDarom",57,"2014-07-15 13:01:13.466609","2014-07-15 13:01:13.466609",19
340,"Hampshire",43,"2014-07-15 13:15:43.487812","2014-07-15 13:15:43.487812",22
343,"Wicklow",26,"2014-07-15 13:24:41.230654","2014-07-15 13:24:41.230654",25
344,"Connacht",26,"2014-07-15 13:28:37.739231","2014-07-15 13:28:37.739231",26
345,"Antrim",26,"2014-07-15 13:32:43.105563","2014-07-15 13:32:43.105563",27
346,"Maskat",61,"2014-07-15 13:36:52.974826","2014-07-15 13:36:52.974826",28
353,"Moray",43,"2014-07-17 10:13:08.26182","2014-07-17 10:13:08.26182",35
318,"n/a",4,"2014-04-29 08:36:34.151372","2014-04-29 08:36:34.151372",2
319,"n/a",6,"2014-04-29 08:37:17.537519","2014-04-29 08:37:17.537519",3
280,"al Uqsur",51,"2013-04-24 14:51:00.923879","2015-05-11 10:40:48.960423",
341,"Ma'an",58,"2014-07-15 13:18:21.97896","2014-07-15 13:18:21.97896",23
348,"al-Balqa",58,"2014-07-15 13:49:15.50028","2014-07-15 13:49:15.50028",30
352,"Ash Sharqiyah ",61,"2014-07-15 14:10:01.270202","2014-07-15 14:10:01.270202",34
354,"North Yorkshire",43,"2014-07-17 10:15:12.157623","2014-07-17 10:15:12.157623",36
355,"Northamptonshire",43,"2014-07-17 10:22:47.857914","2014-07-17 10:22:47.857914",37
356,"Devon",43,"2014-07-17 10:25:47.815832","2014-07-17 10:25:47.815832",38
357,"Al'Aqabah",58,"2014-07-17 10:29:13.112198","2014-07-17 10:29:13.112198",39
358,"Greater Manchester",43,"2014-07-17 10:30:53.740831","2014-07-17 10:30:53.740831",40
359,"Médio Tejo",32,"2014-07-17 10:34:02.028052","2014-07-17 10:34:02.028052",41
360,"East Riding of Yorkshire",43,"2014-07-17 10:37:57.412778","2014-07-17 10:37:57.412778",42
361,"Caithness",43,"2014-07-17 10:40:05.405216","2014-07-17 10:40:05.405216",43
362,"Berkshire",43,"2014-07-17 10:41:30.238337","2014-07-17 10:41:30.238337",44
363,"Anglesey",43,"2014-07-17 10:43:24.545573","2014-07-17 10:43:24.545573",45
364,"Cornwall",43,"2014-07-17 10:45:37.770254","2014-07-17 10:45:37.770254",46
365,"Tyrone",26,"2014-07-17 10:48:25.190755","2014-07-17 10:48:25.190755",47
366,"Pembrokeshire",43,"2014-07-17 10:49:55.300671","2014-07-17 10:49:55.300671",48
367,"Sligo",26,"2014-07-17 10:51:16.232181","2014-07-17 10:51:16.232181",49
368,"Kerry",26,"2014-07-17 10:57:02.620219","2014-07-17 10:57:02.620219",50
369,"Alicante",36,"2014-07-17 11:04:08.216506","2014-07-17 11:04:08.216506",51
370,"Lorestan",56,"2014-07-17 11:08:31.954208","2014-07-17 11:08:31.954208",52
371,"Northumberland",43,"2014-07-17 11:11:43.580515","2014-07-17 11:11:43.580515",53
372,"Norte",32,"2014-07-17 11:13:10.58684","2014-07-17 11:13:10.58684",54
373,"Wiltshire",43,"2014-07-17 11:20:09.245747","2014-07-17 11:20:09.245747",55
374,"Emilia-Romagna",27,"2014-07-17 11:23:38.695595","2014-07-17 11:23:38.695595",56
375,"Sizilien",27,"2014-07-17 11:29:19.545326","2014-07-17 11:29:19.545326",57
376,"East Sussex",43,"2014-07-17 11:32:45.815958","2014-07-17 11:32:45.815958",58
377,"Apulien",27,"2014-07-17 11:34:58.013134","2014-07-17 11:34:58.013134",59
378,"Badajoz",36,"2014-07-17 11:48:42.456162","2014-07-17 11:48:42.456162",60
379,"Huesca",36,"2014-07-17 11:49:56.500498","2014-07-17 11:49:56.500498",61
380,"Murcia",36,"2014-07-17 11:51:37.552368","2014-07-17 11:51:37.552368",62
381,"Samogitien",29,"2014-07-17 12:09:32.385109","2014-07-17 12:09:32.385109",63
382,"Angus",43,"2014-07-17 12:11:47.3482","2014-07-17 12:11:47.3482",64
383,"Abu Dhabi",73,"2014-07-17 12:13:51.203393","2014-07-17 12:13:51.203393",65
384,"Aragón",36,"2014-07-17 14:22:28.224675","2014-07-17 14:22:28.224675",66
385,"Lombardy",27,"2014-08-21 10:35:45.869515","2014-08-21 10:35:45.869515",67
386,"Sardinia",27,"2014-08-21 10:35:45.874536","2014-08-21 10:35:45.874536",68
387,"Friuli-Venezia Giulia",27,"2014-08-21 10:35:45.877549","2014-08-21 10:35:45.877549",69
388,"Tuscany",27,"2014-08-21 10:35:45.880478","2014-08-21 10:35:45.880478",70
389,"Veneto",27,"2014-08-21 10:35:45.883412","2014-08-21 10:35:45.883412",71
390,"Şanlıurfa",67,"2014-09-02 13:19:26.269117","2014-09-02 13:19:26.269117",72
391,"Kent",43,"2014-09-02 13:26:23.692319","2014-09-02 13:26:23.692319",73
392,"Al Karak",58,"2014-09-02 13:29:07.241576","2014-09-02 13:29:07.241576",74
393,"Muscat Governorate",61,"2014-09-02 13:34:09.284782","2014-09-02 13:34:09.284782",75
394,"Aleppo",65,"2014-09-02 13:43:06.287247","2014-09-02 13:43:06.287247",76
395,"Antrim",43,"2014-09-02 13:48:46.126535","2014-09-02 13:48:46.126535",77
396,"Dorset",43,"2014-09-02 13:52:31.003969","2014-09-02 13:52:31.003969",78
397,"Down",43,"2014-09-02 13:58:55.485291","2014-09-02 13:58:55.485291",79
398,"Tafilah",58,"2014-09-02 14:10:48.956151","2014-09-02 14:10:48.956151",80
399,"Kampanien",27,"2014-09-10 10:30:38.164532","2014-09-10 10:30:38.164532",81
400,"Licolnshire",43,"2014-09-10 10:40:23.949303","2014-09-10 10:40:23.949303",82
401,"haMerkaz",57,"2014-09-10 10:42:02.090371","2014-09-10 10:42:02.090371",83
402,"Cumbria",43,"2014-09-10 10:44:53.878927","2014-09-10 10:44:53.878927",84
403,"Umbrien",27,"2014-09-10 10:53:25.157117","2014-09-10 10:53:25.157117",85
404,"Marche",27,"2014-09-10 10:59:42.027935","2014-09-10 10:59:42.027935",86
405,"Primorje-Gorski kotar",20,"2014-09-10 11:05:27.448341","2014-09-10 11:05:27.448341",87
406,"Blaenau Gwent",43,"2014-09-10 11:19:09.703899","2014-09-10 11:19:09.703899",88
407,"Jerusalem",57,"2014-09-10 11:26:55.271052","2014-09-10 11:26:55.271052",89
408,"Gloucestershire",43,"2014-09-10 11:29:22.802626","2014-09-10 11:29:22.802626",90
409,"Semnan",56,"2014-09-10 11:34:36.551875","2014-09-10 11:34:36.551875",91
410,"Umm al-Qaiwain",73,"2014-09-10 11:38:05.065962","2014-09-10 11:38:05.065962",92
411,"Perth and Kinross",43,"2014-09-10 11:40:20.372422","2014-09-10 11:40:20.372422",93
412,"Ra’s al-Chaima",73,"2014-09-10 11:44:52.798152","2014-09-10 11:44:52.798152",94
413,"Aşgabat şäheri",68,"2014-09-10 11:46:00.971709","2014-09-10 11:46:00.971709",95
414,"Antalya",67,"2014-09-10 11:49:49.919269","2014-09-10 11:49:49.919269",96
415,"al-Hasaka",65,"2014-09-10 11:51:04.178662","2014-09-10 11:51:04.178662",97
416,"Zarqa",58,"2014-09-10 11:56:47.55981","2014-09-10 11:56:47.55981",98
417,"Limassol",69,"2014-09-10 11:59:09.157735","2014-09-10 11:59:09.157735",99
418,"Hadramaut",74,"2014-09-10 12:00:43.83104","2014-09-10 12:00:43.83104",100
419,"Fife",43,"2014-09-10 12:05:30.88614","2014-09-10 12:05:30.88614",101
420,"Paphos",69,"2014-09-10 12:20:02.09842","2014-09-10 12:20:02.09842",102
421,"Asturias",36,"2014-09-10 12:26:19.263951","2014-09-10 12:26:19.263951",103
422,"Latium",27,"2014-09-10 12:32:59.839228","2014-09-10 12:32:59.839228",104
423,"West Lothian",43,"2014-09-10 13:08:48.536515","2014-09-10 13:08:48.536515",105
424,"Derbyshire",43,"2014-09-10 13:10:34.167992","2014-09-10 13:10:34.167992",106
425,"Highland",43,"2014-09-10 13:12:07.75027","2014-09-10 13:12:07.75027",107
426,"West Sussex",43,"2014-09-10 13:13:20.604964","2014-09-10 13:13:36.358665",108
427,"North Ayrshire",43,"2014-09-10 13:21:14.722963","2014-09-10 13:21:14.722963",109
428,"Ninawa",55,"2014-09-10 13:30:39.012267","2014-09-10 13:30:39.012267",110
429,"Thurrock",43,"2014-09-10 13:32:51.371335","2014-09-10 13:32:51.371335",111
430,"Mechoz Cheifa",57,"2014-09-12 10:24:31.98419","2014-09-12 10:24:38.466627",112
431,"Scottish Borders",43,"2014-09-12 10:28:46.800133","2014-09-12 10:28:46.800133",113
432,"Malatya",67,"2014-09-12 10:30:59.696718","2014-09-12 10:30:59.696718",114
433," ad-Dali'",74,"2014-09-12 10:57:54.467697","2014-09-12 10:57:54.467697",115
434,"Molise",27,"2014-09-12 11:09:22.733528","2014-09-12 11:09:22.733528",116
435,"Waadt",2,"2014-09-12 11:11:37.174841","2014-09-12 11:11:37.174841",117
436,"Falkirk",43,"2014-09-12 11:13:47.376417","2014-09-12 11:13:47.376417",118
437,"Leinster",26,"2014-09-12 11:15:24.017005","2014-09-12 11:15:24.017005",119
438,"Argyll and Bute",43,"2014-09-12 11:16:59.737192","2014-09-12 11:16:59.737192",120
439,"Klaipėda",29,"2014-09-12 11:18:30.247671","2014-09-12 11:18:30.247671",121
440,"Powys",43,"2014-09-12 11:31:58.814512","2014-09-12 11:31:58.814512",122
441,"Rushen",43,"2014-09-12 11:47:07.138838","2014-09-12 11:47:07.138838",123
442,"Dscharasch",58,"2014-09-12 11:54:10.589946","2014-09-12 11:54:10.589946",124
443,"Dschaizan",74,"2014-09-12 11:57:38.404906","2014-09-12 11:57:38.404906",125
444,"Irbid",58,"2014-09-12 12:02:05.763621","2014-09-12 12:02:05.763621",126
445,"ad-Dachiliyya",61,"2014-09-12 12:05:11.497598","2014-09-12 12:05:11.497598",127
446,"Trentino-Alto Adige",27,"2014-09-15 10:17:42.366638","2014-09-15 10:17:42.366638",128
447,"Dumfries and Galloway",43,"2014-09-15 10:27:33.960709","2014-09-15 10:27:33.960709",129
448,"Surrey",43,"2014-09-15 10:30:54.813409","2014-09-15 10:30:54.813409",130
449," Ḏamār",74,"2014-09-15 10:58:11.380739","2014-09-15 10:58:11.380739",131
450,"haTzafon",57,"2014-09-15 11:02:01.380301","2014-09-15 11:02:01.380301",132
451,"Al-Wakra",59,"2014-09-15 11:04:05.104216","2014-09-15 11:04:05.104216",133
452,"Qazax",53,"2014-09-15 11:10:03.527941","2014-09-15 11:10:03.527941",134
453,"Madaba",58,"2014-09-15 11:14:04.048618","2014-09-15 11:14:04.048618",135
454,"Essex",43,"2014-09-15 11:31:08.481669","2014-09-15 11:31:08.481669",136
455,"al-Mahwit",74,"2014-09-15 11:32:50.068041","2014-09-15 11:32:50.068041",137
456,"Fermanagh",26,"2014-09-15 11:45:44.560893","2014-09-15 11:45:44.560893",138
457,"Vilnius",29,"2014-09-15 11:49:21.239574","2014-09-15 11:49:21.239574",139
458,"Attika",24,"2014-09-15 11:51:25.635252","2014-09-15 11:51:25.635252",140
459,"Middelfart",8,"2014-09-16 11:26:25.744694","2014-09-16 11:26:25.744694",141
460,"Nordland",31,"2014-09-16 13:57:25.98846","2014-09-16 13:57:25.98846",142
461,"Shropshire",43,"2014-09-23 13:30:15.075792","2014-09-23 13:30:15.075792",143
462,"Monmouthshire",43,"2014-09-23 13:52:21.30402","2014-09-23 13:52:21.30402",144
463,"Gower",43,"2014-09-26 10:00:40.02662","2014-09-26 10:00:40.02662",145
464,"Isle of Man",43,"2014-10-01 05:31:12.827904","2014-10-01 05:31:12.827904",146
465,"Londonderry",43,"2014-11-17 15:00:49.481488","2014-11-17 15:00:49.481488",147
466,"Monaghan",26,"2014-11-17 16:21:08.516916","2014-11-17 16:21:08.516916",148
467,"Meath",26,"2014-11-17 17:15:48.634825","2014-11-17 17:15:48.634825",149
468,"Dublin",26,"2014-11-20 12:20:11.834221","2014-11-20 12:20:11.834221",150
469,"Kildare",26,"2014-11-20 12:52:43.310444","2014-11-20 12:52:43.310444",151
470,"Mayo",26,"2014-11-20 13:21:57.496604","2014-11-20 13:21:57.496604",152
471,"Kilkenny",26,"2014-11-20 13:43:34.074157","2014-11-20 13:43:34.074157",153
472,"Cork",26,"2014-11-20 13:47:17.178804","2014-11-20 13:47:17.178804",154
473,"Limerick",26,"2014-11-20 13:55:31.229996","2014-11-20 13:55:31.229996",155
474,"Clare",26,"2014-12-17 10:32:10.03714","2014-12-17 10:32:10.03714",156
475,"Armagh",26,"2014-12-17 11:47:57.352281","2014-12-17 11:47:57.352281",157
476,"Tipperary",26,"2015-01-08 08:10:56.440828","2015-01-08 08:10:56.440828",158
477,"n/a",16,"2015-01-19 09:51:09.736629","2015-01-19 09:51:09.736629",159
478,"n/a",75,"2015-01-19 09:56:26.387379","2015-01-19 09:56:26.387379",160
479,"n/a",69,"2015-01-19 09:57:11.413856","2015-01-19 09:57:11.413856",161
480,"n/a",76,"2015-01-19 09:58:53.409858","2015-01-19 09:58:53.409858",162
481,"n/a",24,"2015-01-19 09:59:11.056863","2015-01-19 09:59:11.056863",163
482,"n/a",77,"2015-01-19 10:00:09.544848","2015-01-19 10:00:09.544848",164
483,"n/a",56,"2015-01-19 10:00:25.474383","2015-01-19 10:00:25.474383",165
484,"n/a",55,"2015-01-19 10:00:50.956956","2015-01-19 10:00:50.956956",166
485,"n/a",26,"2015-01-19 10:01:17.407737","2015-01-19 10:01:17.407737",167
486,"n/a",78,"2015-01-19 10:01:59.088496","2015-01-19 10:01:59.088496",168
487,"n/a",57,"2015-01-19 10:02:19.464799","2015-01-19 10:02:19.464799",169
488,"n/a",27,"2015-01-19 10:02:44.240012","2015-01-19 10:02:44.240012",170
489,"n/a",79,"2015-01-19 10:03:21.959022","2015-01-19 10:03:21.959022",171
490,"n/a",58,"2015-01-19 10:03:39.318556","2015-01-19 10:03:39.318556",172
491,"n/a",80,"2015-01-19 10:04:02.457377","2015-01-19 10:04:02.457377",173
492,"n/a",29,"2015-01-19 10:04:18.173223","2015-01-19 10:04:18.173223",174
493,"n/a",81,"2015-01-19 10:04:50.77076","2015-01-19 10:04:50.77076",175
494,"n/a",61,"2015-01-19 10:05:33.833767","2015-01-19 10:05:33.833767",176
495,"n/a",32,"2015-01-19 10:06:14.554865","2015-01-19 10:06:14.554865",177
496,"n/a",82,"2015-01-19 10:07:13.603227","2015-01-19 10:07:13.603227",178
497,"n/a",48,"2015-01-19 10:07:30.264906","2015-01-19 10:07:30.264906",179
498,"n/a",65,"2015-01-19 10:08:30.753285","2015-01-19 10:08:30.753285",180
499,"n/a",67,"2015-01-19 10:08:48.041382","2015-01-19 10:08:48.041382",181
500,"n/a",68,"2015-01-19 10:09:11.017629","2015-01-19 10:09:11.017629",182
501,"n/a",43,"2015-01-19 10:09:30.660453","2015-01-19 10:09:30.660453",183
502,"n/a",73,"2015-01-19 10:10:05.339702","2015-01-19 10:10:05.339702",184
503,"Centro",32,"2015-02-03 10:28:52.94009","2015-02-03 10:28:52.94009",185
504,"Sofia",19,"2015-02-03 10:33:05.584175","2015-02-03 10:33:05.584175",186
505,"Castellón",36,"2015-02-03 10:47:46.622075","2015-02-03 10:47:46.622075",187
506,"Barcelona",36,"2015-02-03 10:48:46.579457","2015-02-03 10:48:46.579457",188
507,"Cádiz",36,"2015-02-03 11:20:34.701527","2015-02-03 11:20:34.701527",189
508,"Málaga",36,"2015-02-03 11:21:34.066765","2015-02-03 11:21:34.066765",190
509,"Pernik",19,"2015-02-03 11:48:54.265273","2015-02-03 11:48:54.265273",191
510,"Oltenia",34,"2015-02-03 12:19:58.002101","2015-02-03 12:19:58.002101",192
511,"Sliwen",19,"2015-02-03 12:24:37.082209","2015-02-03 12:24:37.082209",193
512,"Bor",48,"2015-02-03 12:44:10.034407","2015-02-03 12:44:10.034407",194
513,"Algarve",32,"2015-02-03 12:57:13.014826","2015-02-03 12:57:13.014826",195
514,"Córdoba",36,"2015-02-03 13:06:59.98445","2015-02-03 13:06:59.98445",196
515,"Almería",36,"2015-02-03 13:08:22.686053","2015-02-03 13:08:22.686053",197
516,"Stara Sagora",19,"2015-02-03 13:10:47.749105","2015-02-03 13:10:47.749105",198
517,"Targowischte",19,"2015-02-03 13:22:05.93602","2015-02-03 13:22:05.93602",199
518,"Alentejo",32,"2015-02-03 13:24:30.278583","2015-02-03 13:24:30.278583",200
519,"Valle d’Aosta",27,"2015-02-03 13:41:08.286449","2015-02-03 13:41:08.286449",201
520,"Lisboa",32,"2015-02-03 13:44:09.257827","2015-02-03 13:44:09.257827",202
521,"Qina",51,"2015-05-11 10:41:56.355382","2015-05-11 10:41:56.355382",203
522,"Aswan",51,"2015-05-11 10:41:56.359332","2015-05-11 10:41:56.359332",204
523,"Sauhadsch",51,"2015-05-11 10:46:54.799854","2015-05-11 10:46:54.799854",205
524,"Asyut",51,"2015-05-11 10:46:54.803928","2015-05-11 10:46:54.803928",206
525,"al-Wadi al-dschadid",51,"2015-05-11 10:46:54.806342","2015-05-11 10:46:54.806342",207
526,"al-Minya",51,"2015-05-11 10:46:54.808705","2015-05-11 10:46:54.808705",208
527,"al-Bahr al-ahmar",51,"2015-05-11 10:46:54.811058","2015-05-11 10:46:54.811058",209
528,"al-Dschiza",51,"2015-05-11 10:46:54.813434","2015-05-11 10:46:54.813434",210
529,"Matruh",51,"2015-05-11 10:46:54.815781","2015-05-11 10:46:54.815781",211
530,"Bani Suwaif",51,"2015-05-11 10:46:54.818148","2015-05-11 10:46:54.818148",212
531,"al-Fay-yum",51,"2015-05-11 10:46:54.820504","2015-05-11 10:46:54.820504",213
532,"al-Bu-haira",51,"2015-05-11 10:46:54.822876","2015-05-11 10:46:54.822876",214
533,"al- Iskandariyya",51,"2015-05-11 10:46:54.82523","2015-05-11 10:46:54.82523",215
534,"Kafr asch-Schaich",51,"2015-05-11 10:46:54.827588","2015-05-11 10:46:54.827588",216
535,"ad-Daqahliyya",51,"2015-05-11 10:46:54.82994","2015-05-11 10:46:54.82994",217
536,"al-Qa-hira",51,"2015-05-11 10:46:54.832305","2015-05-11 10:46:54.832305",218
537,"as-Suwais",51,"2015-05-11 10:46:54.834636","2015-05-11 10:46:54.834636",219
538,"asch-Schar-qiyya",51,"2015-05-11 10:46:54.83695","2015-05-11 10:46:54.83695",220
539,"Dumyat",51,"2015-05-11 10:46:54.839283","2015-05-11 10:46:54.839283",221
540,"al-Is-ma iliyya",51,"2015-05-11 10:46:54.84164","2015-05-11 10:46:54.84164",222
541,"Bur Sa´id",51,"2015-05-11 10:46:54.843985","2015-05-11 10:46:54.843985",223
542,"Schimal Sina",51,"2015-05-11 10:46:54.846327","2015-05-11 10:46:54.846327",224
543,"Dschanub SIna",51,"2015-05-11 10:46:54.848678","2015-05-11 10:46:54.848678",225
544,"Siem Reap",83,"2015-05-11 10:54:16.35029","2015-05-11 10:54:16.35029",226
545,"Bizkaia",36,"2015-05-11 11:01:38.464254","2015-05-11 11:01:38.464254",227
546,"Lowetsch",19,"2015-05-11 11:45:29.40792","2015-05-11 11:45:29.40792",228
547,"Smoljan",19,"2015-05-11 12:18:32.037272","2015-05-11 12:18:32.037272",229
548,"Cantabria",36,"2015-05-11 12:23:40.463629","2015-05-11 12:23:40.463629",230
549,"São Paulo",84,"2015-05-11 12:30:25.413986","2015-05-11 12:30:25.413986",231
550,"Sevilla",36,"2015-05-11 12:32:06.183874","2015-05-11 12:32:06.183874",232
551,"Andalucía",36,"2015-05-11 12:32:58.594994","2015-05-11 12:32:58.594994",233
552,"Islas Canarias",36,"2015-05-11 12:34:51.659948","2015-05-11 12:34:51.659948",234
553,"Blagoewgrad",19,"2015-05-11 12:43:50.311577","2015-05-11 12:43:50.311577",235
554,"Plewen",19,"2015-05-11 12:54:52.723738","2015-05-11 12:54:52.723738",236
555,"Henan",85,"2015-05-11 13:06:36.643473","2015-05-11 13:06:36.643473",237
556,"Navarra",36,"2015-05-12 11:14:43.115583","2015-05-12 11:14:43.115583",238
557,"Mandalay-Division",86,"2015-05-12 11:48:09.389526","2015-05-12 11:48:09.389526",239
558,"Korça",71,"2015-05-12 11:52:41.158736","2015-05-12 11:52:41.158736",240
