"id","name","culture_id","created_at","updated_at","position","approved"
10,"Notenkopfphase der entwickelteren LBK",1,"2010-11-04 13:39:46","2010-11-04 13:39:46",,
11,"Notenkopf-Stufe",1,"2010-11-04 13:39:46","2010-11-04 13:39:46",,
12,"Phase Ib der niederländischen LBK",1,"2010-11-04 13:39:46","2010-11-04 13:39:46",,
13,"Phase Ic",1,"2010-11-04 13:39:46","2010-11-04 13:39:46",,
14,"Phase Ic der niederländischen LBK",1,"2010-11-04 13:39:46","2010-11-04 13:39:46",,
15,"Notenkopf/Zeliezovce",1,"2010-11-04 13:39:46","2010-11-04 13:39:46",,
16,"Phase IIa",1,"2010-11-04 13:39:46","2010-11-04 13:39:46",,
17,"mittlere bis späte LBK (Zeliezovce-Typ)",1,"2010-11-04 13:39:46","2010-11-04 13:39:46",,
18,"Phase Id der niederländischen LBK",1,"2010-11-04 13:39:46","2010-11-04 13:39:46",,
19,"möglicherweise älteste oder ältere",1,"2010-11-04 13:39:46","2010-11-04 13:39:46",,
20,"mittlere LBK (Phase IIa-c der böhmischen LBK)",1,"2010-11-04 13:39:46","2010-11-04 13:39:46",,
21,"Phase IIc der niederländischen LBK",1,"2010-11-04 13:39:46","2010-11-04 13:39:46",,
22,"mittlere LBK",1,"2010-11-04 13:39:46","2010-11-04 13:39:46",,
23,"Sárka-Stufe (Übergang LBK - Stichbandkeramik)",1,"2010-11-04 13:39:46","2010-11-04 13:39:46",,
24,"Langweiler 2, Phase 3.",1,"2010-11-04 13:39:46","2010-11-04 13:39:46",,
25,"Langweiler 2, Phase 2b",1,"2010-11-04 13:39:46","2010-11-04 13:39:46",,
26,"Langweiler 2, Phase 2a (IIa/b nach Modderman)",1,"2010-11-04 13:39:46","2010-11-04 13:39:46",,
27,"Langweiler 2, Phase 1",1,"2010-11-04 13:39:46","2010-11-04 13:39:46",,
28,"mittlere LBK (Phase IIa)",1,"2010-11-04 13:39:46","2010-11-04 13:39:46",,
29,"späte LBK (Sárka-Phase)",1,"2010-11-04 13:39:46","2010-11-04 13:39:46",,
30,"Zeliezovce-Gruppe",1,"2010-11-04 13:39:46","2010-11-04 13:39:46",,
31,"Zeliezovce (späte LBK)",1,"2010-11-04 13:39:46","2010-11-04 13:39:46",,
32,"Übergang Periode III-IV",1,"2010-11-04 13:39:46","2010-11-04 13:39:46",,
33,"Übergang Mesolithikum/Neolithikum",1,"2010-11-04 13:39:46","2010-11-04 13:39:46",,
34,"späte Notenkopfkeramik",1,"2010-11-04 13:39:46","2010-11-04 13:39:46",,
35,"späte LBK/Notenkopfkeramik",1,"2010-11-04 13:39:46","2010-11-04 13:39:46",,
36,"späte LBK (späte Phase der Zeliezovce-Gruppe)",1,"2010-11-04 13:39:46","2010-11-04 13:39:46",,
37,"Phase IV (bzw. V) der böhmischen LBK",1,"2010-11-04 13:39:46","2010-11-04 13:39:46",,
38,"späte LBK (Sárka-Typ); Phase IIa-c der böhm. LBK",1,"2010-11-04 13:39:46","2010-11-04 13:39:46",,
39,"Phase IId",1,"2010-11-04 13:39:46","2010-11-04 13:39:46",,
40,"späte LBK (Phase IIa-c der böhmischen LBK)",1,"2010-11-04 13:39:46","2010-11-04 13:39:46",,
41,"späte LBK (mittlere Phase der Zeliezovce-Gruppe)",1,"2010-11-04 13:39:46","2010-11-04 13:39:46",,
42,"späte LBK (mittlere Phase [II] Zeliezovce-Gruppe)",1,"2010-11-04 13:39:46","2010-11-04 13:39:46",,
43,"späte",1,"2010-11-04 13:39:46","2010-11-04 13:39:46",,
44,"Periode IV (Sárka)",1,"2010-11-04 13:39:46","2010-11-04 13:39:46",,
45,"Rubané récent",1,"2010-11-04 13:39:46","2010-11-04 13:39:46",,
46,"Langweiler 1, Phase 2 (IIc)",1,"2010-11-04 13:39:46","2010-11-04 13:39:46",,
47,"Phase III",1,"2010-11-04 13:39:46","2010-11-04 13:39:46",,
48,"späte LBK (späte Phase [III] Zeliezovce-Gruppe)",1,"2010-11-04 13:39:46","2010-11-04 13:39:46",,
49,"ältere bis mittlere LBK",1,"2010-11-04 13:39:46","2010-11-04 13:39:46",,
50,"erster Abschnitt Periode III",1,"2010-11-04 13:39:46","2010-11-04 13:39:46",,
51,"entwickelte erste Phase der LBK",1,"2010-11-04 13:39:46","2010-11-04 13:39:46",,
52,"Ende Phase II",1,"2010-11-04 13:39:46","2010-11-04 13:39:46",,
53,"Ende Periode IV (Sárka)",1,"2010-11-04 13:39:46","2010-11-04 13:39:46",,
54,"älteste Notenkopfphase",1,"2010-11-04 13:39:46","2010-11-04 13:39:46",,
55,"älteste LBK, entwickelte Phase",1,"2010-11-04 13:39:46","2010-11-04 13:39:46",,
56,"älteste LBK",1,"2010-11-04 13:39:46","2010-11-04 13:39:46",,
57,"ältere LBK, Stilphase 2a (vgl. Stehli 1994, 135 Abb. 36).",1,"2010-11-04 13:39:46","2010-11-04 13:39:46",,
58,"Flomborn",1,"2010-11-04 13:39:46","2010-11-04 13:39:46",,
59,"ältere LBK",1,"2010-11-04 13:39:46","2010-11-04 13:39:46",,
60,"4",1,"2010-11-04 13:39:46","2010-11-04 13:39:46",,
61,"ältere (Ic1)",1,"2010-11-04 13:39:46","2010-11-04 13:39:46",,
62,"7",1,"2010-11-04 13:39:46","2010-11-04 13:39:46",,
63,"6 (Baden-Württemberg)",1,"2010-11-04 13:39:46","2010-11-04 13:39:46",,
64,"6",1,"2010-11-04 13:39:46","2010-11-04 13:39:46",,
65,"5",1,"2010-11-04 13:39:46","2010-11-04 13:39:46",,
67,"3. Phase der Periode I",1,"2010-11-04 13:39:46","2010-11-04 13:39:46",,
68,"Phase Ib/c der niederländischen LBK",1,"2010-11-04 13:39:46","2010-11-04 13:39:46",,
69,"ältere LBK (Phase Ic)",1,"2010-11-04 13:39:46","2010-11-04 13:39:46",,
70,"jüngere",1,"2010-11-04 13:39:46","2010-11-04 13:39:46",,
71,"frühe",1,"2010-11-04 13:39:46","2010-11-04 13:39:46",,
72,"jüngste niederländische LBK (IId)",1,"2010-11-04 13:39:46","2010-11-04 13:39:46",,
73,"jüngste LBK (nur aufgrund der 14C-Datierung)",1,"2010-11-04 13:39:46","2010-11-04 13:39:46",,
74,"jüngste (V nach Meier-Arendt 1966)",1,"2010-11-04 13:39:46","2010-11-04 13:39:46",,
75,"jüngere LBK (Phase IIb oder IIc)",1,"2010-11-04 13:39:46","2010-11-04 13:39:46",,
76,"jüngere LBK (IId)",1,"2010-11-04 13:39:46","2010-11-04 13:39:46",,
77,"jüngere LBK",1,"2010-11-04 13:39:46","2010-11-04 13:39:46",,
78,"III nach Meier-Arendt (1966)",1,"2010-11-04 13:39:46","2010-11-04 13:39:46",,
79,"IId (nach Modderman)",1,"2010-11-04 13:39:46","2010-11-04 13:39:46",,
80,"Id (nach Modderman)",1,"2010-11-04 13:39:46","2010-11-04 13:39:46",,
81,"frühe LBK",1,"2010-11-04 13:39:46","2010-11-04 13:39:46",,
82,"jüngere LBK (IId nach Modderman)",1,"2010-11-04 13:39:46","2010-11-04 13:39:46",,
83,"Groupe de Blicquy",1,"2010-11-04 13:39:46","2010-11-04 13:39:46",,
84,"IIc (nach Modderman)",1,"2010-11-04 13:39:46","2010-11-04 13:39:46",,
85,"IIa1 (nach Modderman)",1,"2010-11-04 13:39:46","2010-11-04 13:39:46",,
86,"""frühe LBK (?)""",1,"2010-11-04 13:39:46","2010-11-04 13:39:46",,
87,"IIa2 (nach Modderman)",1,"2010-11-04 13:39:46","2010-11-04 13:39:46",,
88,"IIb (nach Modderman)",1,"2010-11-04 13:39:46","2010-11-04 13:39:46",,
89,"frühe; atypische, unverzierte Ware",1,"2010-11-04 13:39:46","2010-11-04 13:39:46",,
90,"älteres",2,"2010-11-04 13:39:46","2010-11-04 13:39:46",,
91,"jüngeres",2,"2010-11-04 13:39:46","2010-11-04 13:39:46",,
92,"mittel/spät (Stufe II nach Kaufmann 1976)",2,"2010-11-04 13:39:46","2010-11-04 13:39:46",,
93,"frühe Stichbandkeramik, unmittelbar nach Sárka",3,"2010-11-04 13:39:46","2010-11-04 13:39:46",,
94,"II/III nach Zápotocká (1970)",3,"2010-11-04 13:39:46","2010-11-04 13:39:46",,
95,"III nach Zápotocká (1970)",3,"2010-11-04 13:39:46","2010-11-04 13:39:46",,
96,"frühe",3,"2010-11-04 13:39:46","2010-11-04 13:39:46",,
97,"entwickelte Phase der älteren Stichbandkeramik",3,"2010-11-04 13:39:46","2010-11-04 13:39:46",,
98,"späte Stichbandkeramik (Stufe V)",3,"2010-11-04 13:39:46","2010-11-04 13:39:46",,
99,"frühe STBK (Stufe II n. Pavlu & Zápotocká 1979)",3,"2010-11-04 13:39:46","2010-11-04 13:39:46",,
2,"I oder II",71,"2010-11-04 13:39:46","2010-11-04 13:39:46",,
3,"IIb (Bresc Kujawski-Gruppe, ältere Phase)",71,"2010-11-04 13:39:46","2010-11-04 13:39:46",,
5,"IIIb",71,"2010-11-04 13:39:46","2010-11-04 13:39:46",,
6,"Malice-Gruppe",71,"2010-11-04 13:39:46","2010-11-04 13:39:46",,
7,"Modlnica-Phase der Pleszów-Gruppe",71,"2010-11-04 13:39:46","2010-11-04 13:39:46",,
8,"Modlnica-Phase der Pleszów-Gruppe [Lengyel III]",71,"2010-11-04 13:39:46","2010-11-04 13:39:46",,
9,"Endphase (Lublin-Wolhynische Gruppe, Spätphase), Laznany-Gruppe",71,"2010-11-04 13:39:46","2010-11-04 13:39:46",,
66,"n/a",1,"2010-11-04 13:39:46","2010-11-04 13:39:46",,
100,"LBK/Hinkelstein/Großgartach",5,"2010-11-04 13:39:46","2010-11-04 13:39:46",,
101,"Übergang Großgartach zu Planig-Friedberg",5,"2010-11-04 13:39:46","2010-11-04 13:39:46",,
102,"""Epi-Bischheim"" = Dümmer Gruppe",9,"2010-11-04 13:39:46","2010-11-04 13:39:46",,
103,"fortgeschrittenes Stadium Übergang Rössen-Bischh.",9,"2010-11-04 13:39:46","2010-11-04 13:39:46",,
104,"Endphase",14,"2010-11-04 13:39:46","2010-11-04 13:39:46",,
105,"älteres",17,"2010-11-04 13:39:46","2010-11-04 13:39:46",,
106,"frühes",17,"2010-11-04 13:39:46","2010-11-04 13:39:46",,
107,"Port-Conty?/phase tardive",17,"2010-11-04 13:39:46","2010-11-04 13:39:46",,
108,"spätes",17,"2010-11-04 13:39:46","2010-11-04 13:39:46",,
109,"Typ Petit-Chasseur",17,"2010-11-04 13:39:46","2010-11-04 13:39:46",,
110,"klassisches",18,"2010-11-04 13:39:46","2010-11-04 13:39:46",,
111,"späte Phase",18,"2010-11-04 13:39:46","2010-11-04 13:39:46",,
112,"III",21,"2010-11-04 13:39:46","2010-11-04 13:39:46",,
113,"V?",21,"2010-11-04 13:39:46","2010-11-04 13:39:46",,
114,"V",21,"2010-11-04 13:39:46","2010-11-04 13:39:46",,
115,"IV",21,"2010-11-04 13:39:46","2010-11-04 13:39:46",,
116,"III-V, ohne genauere Zuweisung",21,"2010-11-04 13:39:46","2010-11-04 13:39:46",,
117,"III-V",21,"2010-11-04 13:39:46","2010-11-04 13:39:46",,
118,"Bergbau-Neolithikum ""Spiennes I und II""",21,"2010-11-04 13:39:46","2010-11-04 13:39:46",,
119,"III oder jünger (Phasen Spiennes II und III)",21,"2010-11-04 13:39:46","2010-11-04 13:39:46",,
120,"II/III",21,"2010-11-04 13:39:46","2010-11-04 13:39:46",,
121,"II und III",21,"2010-11-04 13:39:46","2010-11-04 13:39:46",,
122,"II",21,"2010-11-04 13:39:46","2010-11-04 13:39:46",,
123,"I oder II",21,"2010-11-04 13:39:46","2010-11-04 13:39:46",,
124,"Groupe de Chaudardes (Michelsberg IV)",21,"2010-11-04 13:39:46","2010-11-04 13:39:46",,
125,"III/IV",21,"2010-11-04 13:39:46","2010-11-04 13:39:46",,
126,"Beginn jüngeres Baalberge",24,"2010-11-04 13:39:46","2010-11-04 13:39:46",,
127,"B",24,"2010-11-04 13:39:46","2010-11-04 13:39:46",,
128,"A",24,"2010-11-04 13:39:46","2010-11-04 13:39:46",,
129,"Ende älteres Baalberge",24,"2010-11-04 13:39:46","2010-11-04 13:39:46",,
130,"Jüngeres Baalberge mit Altheimer Einfluß",24,"2010-11-04 13:39:46","2010-11-04 13:39:46",,
131,"Übergang jüngeres Baalberge/böhmisches Salzmünde",24,"2010-11-04 13:39:46","2010-11-04 13:39:46",,
132,"Brindley 7",26,"2010-11-04 13:39:46","2010-11-04 13:39:46",,
133,"Brindley 6/7",26,"2010-11-04 13:39:46","2010-11-04 13:39:46",,
134,"Brindley 6",26,"2010-11-04 13:39:46","2010-11-04 13:39:46",,
135,"Brindley 5",26,"2010-11-04 13:39:46","2010-11-04 13:39:46",,
136,"Brindley 3-4",26,"2010-11-04 13:39:46","2010-11-04 13:39:46",,
137,"Brindley 3",26,"2010-11-04 13:39:46","2010-11-04 13:39:46",,
138,"Brindley 1-4",26,"2010-11-04 13:39:46","2010-11-04 13:39:46",,
139,"Brindley 4",26,"2010-11-04 13:39:46","2010-11-04 13:39:46",,
140,"Übergang Ertebølle- FN I",27,"2010-11-04 13:39:46","2010-11-04 13:39:46",,
141,"Mittelneolithikum",27,"2010-11-04 13:39:46","2010-11-04 13:39:46",,
142,"MN I",27,"2010-11-04 13:39:46","2010-11-04 13:39:46",,
143,"MN I?",27,"2010-11-04 13:39:46","2010-11-04 13:39:46",,
144,"MN Ib",27,"2010-11-04 13:39:46","2010-11-04 13:39:46",,
145,"MN III",27,"2010-11-04 13:39:46","2010-11-04 13:39:46",,
146,"MN V",27,"2010-11-04 13:39:46","2010-11-04 13:39:46",,
147,"Übergang FN-MN I",27,"2010-11-04 13:39:46","2010-11-04 13:39:46",,
148,"MNV",27,"2010-11-04 13:39:46","2010-11-04 13:39:46",,
149,"Übergang Ertebølle-FN I",27,"2010-11-04 13:39:46","2010-11-04 13:39:46",,
150,"Übergang FN und MN I",27,"2010-11-04 13:39:46","2010-11-04 13:39:46",,
151,"jüngere",27,"2010-11-04 13:39:46","2010-11-04 13:39:46",,
152,"MN II",27,"2010-11-04 13:39:46","2010-11-04 13:39:46",,
153,"MN VI/V",27,"2010-11-04 13:39:46","2010-11-04 13:39:46",,
154,"FN II (Fuchsberg)",27,"2010-11-04 13:39:46","2010-11-04 13:39:46",,
155,"MN IV/V",27,"2010-11-04 13:39:46","2010-11-04 13:39:46",,
156,"FN",27,"2010-11-04 13:39:46","2010-11-04 13:39:46",,
157,"FN I",27,"2010-11-04 13:39:46","2010-11-04 13:39:46",,
158,"FN I (Oxie)",27,"2010-11-04 13:39:46","2010-11-04 13:39:46",,
159,"Frühneolithikum",27,"2010-11-04 13:39:46","2010-11-04 13:39:46",,
160,"FN I (Volling)",27,"2010-11-04 13:39:46","2010-11-04 13:39:46",,
161,"FN II (Virum)",27,"2010-11-04 13:39:46","2010-11-04 13:39:46",,
162,"FN II (Virum)-MN II",27,"2010-11-04 13:39:46","2010-11-04 13:39:46",,
163,"?",27,"2010-11-04 13:39:46","2010-11-04 13:39:46",,
164,"FN II-MN II",27,"2010-11-04 13:39:46","2010-11-04 13:39:46",,
165,"FN I-MN II",27,"2010-11-04 13:39:46","2010-11-04 13:39:46",,
166,"FN I-MN II?",27,"2010-11-04 13:39:46","2010-11-04 13:39:46",,
167,"FN?",27,"2010-11-04 13:39:46","2010-11-04 13:39:46",,
168,"FN I (Svaleklint)",27,"2010-11-04 13:39:46","2010-11-04 13:39:46",,
169,"Ustowo-Gruppe",28,"2010-11-04 13:39:46","2010-11-04 13:39:46",,
170,"Lupawa-Gruppe",28,"2010-11-04 13:39:46","2010-11-04 13:39:46",,
171,"Übergang Wiórek/Lubon",28,"2010-11-04 13:39:46","2010-11-04 13:39:46",,
172,"Trichterbecher-Keramik und Badener Elemente",28,"2010-11-04 13:39:46","2010-11-04 13:39:46",,
173,"Spätphase mit ersten schnurkeramischen Einflüssen",28,"2010-11-04 13:39:46","2010-11-04 13:39:46",,
174,"Bronocice, Phase III (kleinpolnische Trichtbecherkultur)",28,"2010-11-04 13:39:46","2010-11-04 13:39:46",,
175,"Bronocice, Phase II (kleinpolnische Trichterbecherkultur)",28,"2010-11-04 13:39:46","2010-11-04 13:39:46",,
176,"Bronocice, Phase I (kleinpolnische Trichtbecherkultur)",28,"2010-11-04 13:39:46","2010-11-04 13:39:46",,
177,"""möglicherweise"" frühe TBK",28,"2010-11-04 13:39:46","2010-11-04 13:39:46",,
178,"Lupawa-Gruppe, Phase III",28,"2010-11-04 13:39:46","2010-11-04 13:39:46",,
179,"Sarnowo-Phase der Kujawischen TBK (= Phase I)",28,"2010-11-04 13:39:46","2010-11-04 13:39:46",,
180,"älteres",29,"2010-11-04 13:39:46","2010-11-04 13:39:46",,
181,"jüngeres",29,"2010-11-04 13:39:46","2010-11-04 13:39:46",,
182,"jüngerer Chamer Horizont",30,"2010-11-04 13:39:46","2010-11-04 13:39:46",,
183,"""frühes Stadium"" (nach Gefäßbeigaben)",38,"2010-11-04 13:39:46","2010-11-04 13:39:46",,
184,"Mittlere bis jüngere Schnurkeramik",38,"2010-11-04 13:39:46","2010-11-04 13:39:46",,
185,"Mansfelder Gruppe",38,"2010-11-04 13:39:46","2010-11-04 13:39:46",,
186,"frühe Schnurkeramik (nach Beigaben)",38,"2010-11-04 13:39:46","2010-11-04 13:39:46",,
187,"jüngere Schnurkeramik",38,"2010-11-04 13:39:46","2010-11-04 13:39:46",,
189,"Untergrabzeit?",39,"2010-11-04 13:39:46","2010-11-04 13:39:46",,
190,"1a/1c",39,"2010-11-04 13:39:46","2010-11-04 13:39:46",,
191,"Untergrabzeit",39,"2010-11-04 13:39:46","2010-11-04 13:39:46",,
192,"ZZ",39,"2010-11-04 13:39:46","2010-11-04 13:39:46",,
193,"Obergrabzeit",39,"2010-11-04 13:39:46","2010-11-04 13:39:46",,
194,"Bodengrabzeit",39,"2010-11-04 13:39:46","2010-11-04 13:39:46",,
195,"1e",39,"2010-11-04 13:39:46","2010-11-04 13:39:46",,
196,"1b",39,"2010-11-04 13:39:46","2010-11-04 13:39:46",,
197,"1a",39,"2010-11-04 13:39:46","2010-11-04 13:39:46",,
198,"1d",39,"2010-11-04 13:39:46","2010-11-04 13:39:46",,
199,"Bodengrabzeit (?)",39,"2010-11-04 13:39:46","2010-11-04 13:39:46",,
200,"Typ Veluwe 2Ie",41,"2010-11-04 13:39:46","2010-11-04 13:39:46",,
201,"Typ Veluwe 2If",41,"2010-11-04 13:39:46","2010-11-04 13:39:46",,
202,"Typ Veluwe 2Id",41,"2010-11-04 13:39:46","2010-11-04 13:39:46",,
203,"Typ Veluwe 2Ic/d",41,"2010-11-04 13:39:46","2010-11-04 13:39:46",,
204,"Typ Veluwe",41,"2010-11-04 13:39:46","2010-11-04 13:39:46",,
205,"Maritimer Typ 2Ia",41,"2010-11-04 13:39:46","2010-11-04 13:39:46",,
206,"Maritimer Typ (s. jedoch Anm.)",41,"2010-11-04 13:39:46","2010-11-04 13:39:46",,
207,"Maritimer Typ",41,"2010-11-04 13:39:46","2010-11-04 13:39:46",,
208,"Epi-maritimer Typ",41,"2010-11-04 13:39:46","2010-11-04 13:39:46",,
209,"Typ 2IIb",41,"2010-11-04 13:39:46","2010-11-04 13:39:46",,
210,"Bronocice, Phase III (kleinpolnische Trichtbecherkultur)",43,"2010-11-04 13:39:46","2010-11-04 13:39:46",,
211,"Zuweisung zur Kugelamphorenkultur nicht gesichert",43,"2010-11-04 13:39:46","2010-11-04 13:39:46",,
212,"Beginn der Kugelamphorenkultur",43,"2010-11-04 13:39:46","2010-11-04 13:39:46",,
213,"entwickeltes Stadium",43,"2010-11-04 13:39:46","2010-11-04 13:39:46",,
214,"Bronocice IV (= Baden Ib-IIb)",43,"2010-11-04 13:39:46","2010-11-04 13:39:46",,
215,"Bernburg III/Kugelamphoren-Kultur",43,"2010-11-04 13:39:46","2010-11-04 13:39:46",,
216,"Inventargruppe SA",43,"2010-11-04 13:39:46","2010-11-04 13:39:46",,
217,"Ammenslebener Gruppe",44,"2010-11-04 13:39:46","2010-11-04 13:39:46",,
218,"SN I",47,"2010-11-04 13:39:46","2010-11-04 13:39:46",,
219,"SN II",47,"2010-11-04 13:39:46","2010-11-04 13:39:46",,
220,"SN II / C",47,"2010-11-04 13:39:46","2010-11-04 13:39:46",,
221,"A/B",49,"2010-11-04 13:39:46","2010-11-04 13:39:46",,
222,"C?",49,"2010-11-04 13:39:46","2010-11-04 13:39:46",,
223,"B",49,"2010-11-04 13:39:46","2010-11-04 13:39:46",,
224,"= terminus post quem für Salzmünde",49,"2010-11-04 13:39:46","2010-11-04 13:39:46",,
225,"A",49,"2010-11-04 13:39:46","2010-11-04 13:39:46",,
226,"C",49,"2010-11-04 13:39:46","2010-11-04 13:39:46",,
227,"Bajc-Retzer Gruppe",58,"2010-11-04 13:39:46","2010-11-04 13:39:46",,
228,"Kulturzuweisung unsicher",60,"2010-11-04 13:39:46","2010-11-04 13:39:46",,
229,"späte Lengyel-Kultur (Topolcany-Szob = III/IV)",60,"2010-11-04 13:39:46","2010-11-04 13:39:46",,
230,"Ocice-Gruppe (Ottitzer Gruppe), jüngerer Abschnitt",60,"2010-11-04 13:39:46","2010-11-04 13:39:46",,
231,"Ia/Ib",60,"2010-11-04 13:39:46","2010-11-04 13:39:46",,
232,"frühestes",60,"2010-11-04 13:39:46","2010-11-04 13:39:46",,
233,"Beginn d. mährisch-österr. bemalten Keramik",60,"2010-11-04 13:39:46","2010-11-04 13:39:46",,
234,"Phase I(b?) der mährisch-ostösterreichischen Gruppe",60,"2010-11-04 13:39:46","2010-11-04 13:39:46",,
235,"1/2",61,"2010-11-04 13:39:46","2010-11-04 13:39:46",,
236,"3",61,"2010-11-04 13:39:46","2010-11-04 13:39:46",,
237,"Bronocice V (= Baden III-IVa)",65,"2010-11-04 13:39:46","2010-11-04 13:39:46",,
238,"IV nach Nemejcová-Pavúková (1981)",65,"2010-11-04 13:39:46","2010-11-04 13:39:46",,
240,"III nach Nemejcová-Pavúková (1981)",65,"2010-11-04 13:39:46","2010-11-04 13:39:46",,
241,"I nach Nemejcová-Pavúková (1981)",65,"2010-11-04 13:39:46","2010-11-04 13:39:46",,
242,"Bronocice IV (= Baden Ib-IIb)",65,"2010-11-04 13:39:46","2010-11-04 13:39:46",,
243,"II nach Nemejcová-Pavúková (1981)",65,"2010-11-04 13:39:46","2010-11-04 13:39:46",,
244,"frühe",67,"2010-11-04 13:39:46","2010-11-04 13:39:46",,
245,"späte",67,"2010-11-04 13:39:46","2010-11-04 13:39:46",,
246,"Aunjetitzer Kultur.",68,"2010-11-04 13:39:46","2010-11-04 13:39:46",,
247,"Periode I",68,"2010-11-04 13:39:46","2010-11-04 13:39:46",,
248,"Stacheldrahtkeramik",68,"2010-11-04 13:39:46","2010-11-04 13:39:46",,
249,"Stacheldrahtkeramik?",68,"2010-11-04 13:39:46","2010-11-04 13:39:46",,
250,"Auvernier cordé",77,"2010-11-04 13:39:46","2010-11-04 13:39:46",,
251,"Spätphase",77,"2010-11-04 13:39:46","2010-11-04 13:39:46",,
252,"VL 2",79,"2010-11-04 13:39:46","2010-11-04 13:39:46",,
253,"VL 1B",79,"2010-11-04 13:39:46","2010-11-04 13:39:46",,
1,"Wyciaze-Zlotniki-Gruppe",71,"2010-11-04 13:39:46","2010-11-04 13:39:46",,
4,"IIIa (Bresc Kujawski-Gruppe, jüngere Phase)",71,"2010-11-04 13:39:46","2010-11-04 13:39:46",,
239,"n/a",65,"2010-11-04 13:39:46","2010-11-04 13:39:46",,
254,"n/a",11,"","",,
255,"n/a",40,"","",,
256,"n/a",23,"","",,
257,"n/a",24,"","",,
258,"n/a",33,"","",,
259,"n/a",9,"","",,
260,"n/a",55,"","",,
261,"n/a",66,"","",,
262,"n/a",30,"","",,
263,"n/a",17,"","",,
264,"n/a",7,"","",,
265,"n/a",39,"","",,
266,"n/a",35,"","",,
267,"n/a",57,"","",,
268,"n/a",67,"","",,
269,"n/a",68,"","",,
270,"n/a",69,"","",,
271,"n/a",58,"","",,
272,"n/a",41,"","",,
273,"n/a",42,"","",,
274,"n/a",5,"","",,
275,"n/a",46,"","",,
276,"n/a",70,"","",,
277,"n/a",31,"","",,
278,"n/a",25,"","",,
279,"n/a",81,"","",,
280,"n/a",43,"","",,
281,"n/a",60,"","",,
282,"n/a",72,"","",,
283,"n/a",36,"","",,
284,"n/a",16,"","",,
285,"n/a",73,"","",,
286,"n/a",74,"","",,
287,"n/a",21,"","",,
288,"n/a",61,"","",,
289,"n/a",13,"","",,
290,"n/a",47,"","",,
291,"n/a",18,"","",,
292,"n/a",76,"","",,
293,"n/a",45,"","",,
294,"n/a",63,"","",,
295,"n/a",2,"","",,
296,"n/a",49,"","",,
297,"n/a",77,"","",,
298,"n/a",38,"","",,
299,"n/a",44,"","",,
300,"n/a",22,"","",,
301,"n/a",48,"","",,
302,"n/a",3,"","",,
303,"n/a",82,"","",,
304,"n/a",10,"","",,
305,"n/a",78,"","",,
306,"n/a",83,"","",,
307,"n/a",80,"","",,
308,"n/a",34,"","",,
309,"n/a",27,"","",,
310,"n/a",28,"","",,
311,"n/a",26,"","",,
312,"n/a",79,"","",,
313,"n/a",64,"","",,
314,"n/a",32,"","",,
315,"n/a",29,"","",,
316,"n/a",50,"","",,
317,"n/a",33,"","",,
318,"n/a",71,"","",,
319,"GRK F I",46,"2011-07-28 13:37:06.084596","2011-07-28 13:37:06.084596",1,
320,"GRK F II",46,"2011-07-28 13:37:06.164823","2011-07-28 13:37:06.164823",1,
321,"GRK F II?",46,"2011-07-28 13:37:06.204805","2011-07-28 13:37:06.204805",1,
322,"GRK F III",46,"2011-07-28 13:37:06.244799","2011-07-28 13:37:06.244799",1,
323,"GRK F II-III",46,"2011-07-28 13:37:06.28483","2011-07-28 13:37:06.28483",1,
324,"GRK F III-IV",46,"2011-07-28 13:37:06.324806","2011-07-28 13:37:06.324806",1,
325,"GRK F IV",46,"2011-07-28 13:37:06.345913","2011-07-28 13:37:06.345913",1,
326,"GRK S II",46,"2011-07-28 13:37:06.351965","2011-07-28 13:37:06.351965",1,
327,"GRK S III",46,"2011-07-28 13:37:06.358008","2011-07-28 13:37:06.358008",1,
328,"GRK S III/FIII",46,"2011-07-28 13:37:06.364478","2011-07-28 13:37:06.364478",1,
329,"GRK, B+C",46,"2011-07-28 13:37:06.453387","2011-07-28 13:37:06.453387",1,
330,"GRK?",46,"2011-07-28 13:37:06.456244","2011-07-28 13:37:06.456244",1,
331,"GRK+Brå",46,"2011-07-28 13:37:06.458806","2011-07-28 13:37:06.458806",1,
332,"Übergang Bodengrab-Obergrabzeit",39,"2011-07-28 13:45:14.826173","2011-07-28 13:45:14.826173",1,
333,"EGK?",39,"2011-07-28 13:45:14.829051","2011-07-28 13:45:14.829051",1,
334,"EGK/SN",39,"2011-07-28 13:45:14.831572","2011-07-28 13:45:14.831572",1,
335,"Ertebølle?",67,"2011-07-28 13:49:37.802238","2011-07-28 13:49:37.802238",1,
336,"Wiórek",28,"2011-07-28 13:53:13.518013","2011-07-28 13:53:13.518013",1,
337,"EBK, TN, MN",50,"2011-07-28 14:33:30.03946","2011-07-28 14:33:30.03946",1,
339,"n/a",85,"2011-07-28 14:36:23.304647","2011-07-28 14:36:23.304647",1,
338,"EBK/TBK FN",85,"2011-07-28 14:36:23.184871","2011-07-28 14:37:55.386941",1,
340,"EBK/FN",85,"2011-07-28 14:37:55.39276","2011-07-28 14:37:55.39276",1,
423,"Antic",75,"2011-10-13 20:27:28","",,
341,"EBK?/TBK",85,"2011-07-28 14:38:34.883271","2011-07-28 14:38:34.883271",1,
360,"späte",27,"2011-07-28 14:44:39.433309","2011-07-28 14:44:39.433309",1,
373,"FN?",50,"2011-07-28 14:50:27.529004","2011-07-28 14:50:27.529004",1,
384,"SN?",38,"2011-07-28 14:59:08.623992","2011-07-28 14:59:08.623992",1,
390,"Kongemose/Maglemose",50,"2011-07-28 15:42:21.469399","2011-07-28 15:42:21.469399",1,
391,"Lihult/TBK",50,"2011-07-28 15:42:21.472187","2011-07-28 15:42:21.472187",1,
388,"Spätneo-Brå",50,"2011-07-28 15:36:57.038144","2011-07-28 15:53:32.131895",1,
385,"late",74,"2011-07-28 15:10:52.885248","2012-01-05 12:17:06.606717",1,
342,"MN",50,"2011-07-28 14:41:39.998497","2011-07-28 14:41:39.998497",1,
343,"MN A II",50,"2011-07-28 14:41:40.002259","2011-07-28 14:41:40.002259",1,
344,"MN A II-V",50,"2011-07-28 14:41:40.004804","2011-07-28 14:41:40.004804",1,
345,"MN A/B",50,"2011-07-28 14:41:40.007353","2011-07-28 14:41:40.007353",1,
346,"MN B",50,"2011-07-28 14:41:40.009834","2011-07-28 14:41:40.009834",1,
347,"MN I",50,"2011-07-28 14:41:40.012689","2011-07-28 14:41:40.012689",1,
348,"MN I/II",50,"2011-07-28 14:41:40.015738","2011-07-28 14:41:40.015738",1,
349,"MN Ia",50,"2011-07-28 14:41:40.018811","2011-07-28 14:41:40.018811",1,
350,"MN Ib",50,"2011-07-28 14:41:40.021863","2011-07-28 14:41:40.021863",1,
351,"MN II",50,"2011-07-28 14:41:40.024919","2011-07-28 14:41:40.024919",1,
352,"MN III",50,"2011-07-28 14:41:40.028027","2011-07-28 14:41:40.028027",1,
353,"MN I-II",50,"2011-07-28 14:41:40.031118","2011-07-28 14:41:40.031118",1,
354,"MN III?",50,"2011-07-28 14:41:40.034175","2011-07-28 14:41:40.034175",1,
355,"MN I-III",50,"2011-07-28 14:41:40.037258","2011-07-28 14:41:40.037258",1,
356,"MN III-IV",50,"2011-07-28 14:41:40.04032","2011-07-28 14:41:40.04032",1,
357,"MN IV",50,"2011-07-28 14:41:40.043386","2011-07-28 14:41:40.043386",1,
358,"MN IV/V",50,"2011-07-28 14:41:40.046458","2011-07-28 14:41:40.046458",1,
359,"MN V",50,"2011-07-28 14:41:40.049513","2011-07-28 14:41:40.049513",1,
371,"FN/MN",50,"2011-07-28 14:49:50.35018","2011-07-28 14:49:50.35018",1,
372,"FN/MN I",50,"2011-07-28 14:49:50.35319","2011-07-28 14:49:50.35319",1,
374,"n/a",86,"2011-07-28 14:51:58.154196","2011-07-28 14:51:58.154196",1,
375,"SYK per 5",86,"2011-07-28 14:51:58.160195","2011-07-28 14:51:58.160195",1,
376,"SYK?",86,"2011-07-28 14:51:58.166203","2011-07-28 14:51:58.166203",1,
380,"TBK/GRK F I",50,"2011-07-28 14:53:57.428293","2011-07-28 14:53:57.428293",1,
381,"V/GRK",50,"2011-07-28 14:53:57.430268","2011-07-28 14:53:57.430268",1,
382,"V/GRK?",50,"2011-07-28 14:53:57.432088","2011-07-28 14:53:57.432088",1,
386,"Spätmesol./FN",50,"2011-07-28 15:11:59.9759","2011-07-28 15:11:59.9759",1,
387,"späte TBK/Streitaxtkultur",50,"2011-07-28 15:36:31.798279","2011-07-28 15:36:31.798279",1,
361,"FN",50,"2011-07-28 14:48:15.125046","2011-07-28 14:48:15.125046",1,
362,"FN A",50,"2011-07-28 14:48:15.164809","2011-07-28 14:48:15.164809",1,
363,"FN A+C",50,"2011-07-28 14:48:15.204813","2011-07-28 14:48:15.204813",1,
364,"FN B",50,"2011-07-28 14:48:15.244829","2011-07-28 14:48:15.244829",1,
365,"FN B/C",50,"2011-07-28 14:48:15.284839","2011-07-28 14:48:15.284839",1,
366,"FN B?",50,"2011-07-28 14:48:15.324811","2011-07-28 14:48:15.324811",1,
367,"FN B - MN I",50,"2011-07-28 14:48:15.364816","2011-07-28 14:48:15.364816",1,
368,"FN C",50,"2011-07-28 14:48:15.40487","2011-07-28 14:48:15.40487",1,
369,"FN C - MN I",50,"2011-07-28 14:48:15.444805","2011-07-28 14:48:15.444805",1,
370,"FN C - MN Ia",50,"2011-07-28 14:48:15.484821","2011-07-28 14:48:15.484821",1,
377,"SYK/EGK",50,"2011-07-28 14:53:02.386434","2011-07-28 14:53:02.386434",1,
378,"SYK/GRK",50,"2011-07-28 14:53:02.389273","2011-07-28 14:53:02.389273",1,
379,"SYK/SN?",50,"2011-07-28 14:53:02.39191","2011-07-28 14:53:02.39191",1,
383,"Pikutkowo",28,"2011-07-28 14:56:26.444486","2011-07-28 14:56:26.444486",1,
389,"n/a",87,"2011-07-28 15:41:35.262894","2011-07-28 15:41:35.262894",1,
392,"Glockenbecher/Spätneolithikum",50,"2011-07-28 15:52:11.333177","2011-07-28 15:52:11.333177",1,
393,"?",47,"2011-07-28 15:53:04.191269","2011-07-28 15:53:04.191269",1,
394,"AKER+TRB",50,"2011-07-28 15:59:49.281302","2011-07-28 15:59:49.281302",1,
395,"SSK",50,"2011-07-28 16:23:01.092671","2011-07-28 16:23:01.092671",1,
396,"n/a",88,"2011-10-12 13:44:08.44554","2011-10-12 13:44:08.44554",1,
397,"n/a",89,"2011-10-13 20:27:28","",,
398,"Antic",89,"2011-10-13 20:27:28","",,
399,"Arcaic",89,"2011-10-13 20:27:28","",,
400,"Evolucionat",89,"2011-10-13 20:27:28","",,
401,"Antic",90,"2011-10-13 20:27:28","",,
402,"Antic/Mig",90,"2011-10-13 20:27:28","",,
403,"Final A",90,"2011-10-13 20:27:28","",,
404,"Final B",90,"2011-10-13 20:27:28","",,
405,"Mig",90,"2011-10-13 20:27:28","",,
406,"Mig/Final",90,"2011-10-13 20:27:28","",,
407,"n/a",91,"2011-10-13 20:27:28","",,
408,"I",92,"2011-10-13 20:27:28","",,
409,"I A",92,"2011-10-13 20:27:28","",,
410,"I B",92,"2011-10-13 20:27:28","",,
411,"I R",92,"2011-10-13 20:27:28","",,
412,"n/a",93,"2011-10-13 20:27:28","",,
413,"Final",93,"2011-10-13 20:27:28","",,
414,"n/a",94,"2011-10-13 20:27:28","",,
415,"n/a",96,"2011-10-13 20:27:28","",,
421,"Proto",97,"2011-10-13 20:27:28","",,
422,"n/a",97,"2011-10-13 20:27:28","",,
424,"Final",75,"2011-10-13 20:27:28","",,
425,"Final/Calcolitic",75,"2011-10-13 20:27:28","",,
426,"Mig",75,"2011-10-13 20:27:28","",,
427,"Mig/Final",75,"2011-10-13 20:27:28","",,
472,"jüngste",104,"2012-04-23 13:42:13.793559","2012-04-23 13:42:13.793559",1,
429,"n/a",75,"2011-10-18 10:52:19.182311","2011-10-18 10:52:19.182311",1,
430,"mittlere - jüngere LBK",1,"2011-10-24 11:32:07.704645","2011-10-24 11:32:07.704645",1,
431,"n/a",4,"2011-10-24 11:35:23.899065","2011-10-24 11:35:23.899065",1,
432,"jüngere - jüngste",1,"2011-10-24 11:36:37.254631","2011-10-24 11:36:37.254631",1,
433,"IIb",5,"2011-10-24 11:39:04.425091","2011-10-24 11:39:04.425091",1,
434,"I",4,"2011-10-24 11:40:00.554866","2011-10-24 11:40:00.554866",1,
435,"II",4,"2011-10-24 11:40:00.59482","2011-10-24 11:40:00.59482",1,
436,"I-II",4,"2011-10-24 11:40:40.504875","2011-10-24 11:40:40.504875",1,
437,"IIa",5,"2011-10-24 11:41:43.664853","2011-10-24 11:41:43.664853",1,
438,"IIa/b",5,"2011-10-24 11:42:22.366063","2011-10-24 11:42:22.366063",1,
439,"I/IIa",5,"2011-10-24 11:42:56.944894","2011-10-24 11:42:56.944894",1,
440,"Stichband/Oberlauterbach",3,"2011-10-24 11:43:44.42492","2011-10-24 11:43:44.42492",1,
442,"n/a",99,"2011-10-26 10:47:01.693709","2011-10-26 10:47:01.693709",1,
443,"Pfyn, Michelsberg",18,"2011-10-28 15:10:23.944986","2011-10-28 15:10:23.944986",1,
444,"Schnurkeramik, Bernburg",38,"2011-10-28 15:11:36.524547","2011-10-28 15:11:36.524547",1,
445,"I",21,"2011-10-31 14:37:19.927487","2011-10-31 14:37:19.927487",1,
446,"Early",78,"2011-11-02 10:08:18.212533","2011-11-02 10:08:18.212533",1,
447,"Middle",78,"2011-11-02 14:20:43.502507","2011-11-02 14:20:43.502507",1,
448,"n/a",6,"2011-11-08 07:57:10.734693","2011-11-08 07:57:10.734693",1,
449,"n/a",8,"2011-11-08 07:57:20.136601","2011-11-08 07:57:20.136601",1,
450,"Late",78,"2011-11-10 16:47:03.981781","2011-11-10 16:47:03.981781",1,
188,"Bodengrabzeit",39,"2010-11-04 13:39:46","2011-11-15 17:13:43.650008",,
451,"n/a",100,"2011-11-21 15:01:07.99945","2011-11-21 15:01:07.99945",1,
452,"VL-1c",79,"2011-11-30 15:58:52.180221","2011-11-30 15:58:52.180221",1,
453,"VL-2a",79,"2011-11-30 15:58:52.186962","2011-11-30 15:58:52.186962",1,
454,"VL-2b",79,"2011-11-30 15:58:52.19318","2011-11-30 15:58:52.19318",1,
455,"n/a",101,"2011-12-07 11:24:22.047578","2011-12-07 11:24:22.047578",1,
456,"n/a",90,"2011-12-19 09:34:03.630659","2011-12-19 09:34:03.630659",1,
457,"early",74,"2012-01-05 12:17:15.955133","2012-01-05 12:17:15.955133",1,
458,"middle",74,"2012-01-05 12:17:27.356894","2012-01-05 12:17:27.356894",1,
473,"n/a",106,"2012-04-30 10:30:56.366262","2012-04-30 10:30:56.366262",1,
474,"early",107,"2012-04-30 10:59:06.179989","2012-04-30 10:59:06.179989",1,
460,"n/a",102,"2012-02-03 15:33:22.853806","2012-02-03 15:33:22.853806",1,
476,"n/a",108,"2012-04-30 11:29:06.104736","2012-04-30 11:29:06.104736",1,
477,"Frühphase der älteren transdanubischen LBK",1,"2012-04-30 11:46:12.830817","2012-04-30 11:46:12.830817",1,
478,"n/a",56,"2012-04-30 11:58:50.486298","2012-04-30 11:58:50.486298",1,
463,"n/a",103,"2012-02-06 12:53:05.172612","2012-02-06 12:53:05.172612",1,
464,"n/a",104,"2012-02-06 12:53:27.607326","2012-02-06 12:53:27.607326",1,
465,"n.a.",92,"2012-02-17 10:57:42.305651","2012-02-17 10:57:42.305651",1,
466,"EN Ia",27,"2012-02-17 12:19:12.844133","2012-02-17 12:19:12.844133",1,
467,"EN Ib",27,"2012-02-17 12:19:12.847771","2012-02-17 12:19:12.847771",1,
468,"EN II",27,"2012-02-17 12:21:40.21589","2012-02-17 12:21:40.21589",1,
469,"transition MN-YN",27,"2012-02-17 12:24:44.279408","2012-02-17 12:24:44.279408",1,
470,"MN III-IV",27,"2012-02-20 08:01:01.666776","2012-02-20 08:01:01.666776",1,
471,"mittlere",67,"2012-03-07 09:30:00.513364","2012-03-07 09:30:00.513364",1,
479,"early",56,"2012-04-30 12:02:13.956224","2012-04-30 12:02:13.956224",1,
480,"Alföld-LBK. späte",1,"2012-04-30 12:10:07.362132","2012-04-30 12:10:07.362132",1,
481,"VI",109,"2012-04-30 12:21:27.892294","2012-04-30 12:21:27.892294",1,
482,"II",109,"2012-04-30 12:31:32.729832","2012-04-30 12:31:32.729832",1,
483,"IV",109,"2012-04-30 12:31:32.738577","2012-04-30 12:31:32.738577",1,
484,"I",109,"2012-04-30 12:31:32.746158","2012-04-30 12:31:32.746158",1,
485,"V",109,"2012-04-30 12:31:32.753667","2012-04-30 12:31:32.753667",1,
486,"III",109,"2012-04-30 12:31:32.761221","2012-04-30 12:31:32.761221",1,
487,"n/a",110,"2012-05-02 09:32:26.264288","2012-05-02 09:32:26.264288",1,
488,"younger",110,"2012-05-02 09:32:26.268035","2012-05-02 09:32:26.268035",1,
489,"n/a",111,"2012-05-02 09:51:17.245396","2012-05-02 09:51:17.245396",1,
490,"early (A)",111,"2012-05-02 09:51:17.253298","2012-05-02 09:51:17.253298",1,
491,"Late (Phase Spantov)",112,"2012-05-02 10:00:19.358461","2012-05-02 10:00:19.358461",1,
492,"IIb/III",108,"2012-05-02 10:34:15.983881","2012-05-02 10:34:15.983881",1,
493,"n/a",113,"2012-05-02 10:59:59.17336","2012-05-02 10:59:59.17336",1,
494,"Sopot-Lengyel II",113,"2012-05-02 10:59:59.181067","2012-05-02 10:59:59.181067",1,
495,"Sopot-Lengyel II",60,"2012-05-02 11:04:24.830584","2012-05-02 11:04:24.830584",1,
496,"Spät (D)",114,"2012-05-02 11:49:06.087313","2012-05-02 11:49:06.087313",1,
497,"n/a",114,"2012-05-02 11:49:15.997311","2012-05-02 11:49:15.997311",1,
498,"C",114,"2012-05-02 11:51:47.907249","2012-05-02 11:51:47.907249",1,
499,"Früh",114,"2012-05-02 12:02:23.511462","2012-05-02 12:02:23.511462",1,
500,"late (III)",108,"2012-05-02 12:03:42.163208","2012-05-02 12:03:42.163208",1,
501,"early (I)",108,"2012-05-02 12:03:42.171248","2012-05-02 12:03:42.171248",1,
475,"middle (II)",108,"2012-04-30 11:19:34.681984","2012-05-02 12:03:42.175834",1,
502,"Ia",108,"2012-05-02 12:29:18.655127","2012-05-02 12:29:18.655127",1,
503,"Ib",108,"2012-05-02 12:29:18.663935","2012-05-02 12:29:18.663935",1,
504,"Älter",114,"2012-05-02 14:45:37.911003","2012-05-02 14:45:37.911003",1,
505,"Id",115,"2012-05-09 09:44:28.049276","2012-05-09 09:44:28.049276",1,
506,"Id-e",115,"2012-05-09 09:44:28.075739","2012-05-09 09:44:28.075739",1,
507,"Ia",115,"2012-05-09 09:44:28.07946","2012-05-09 09:44:28.07946",1,
508,"Ib-c",115,"2012-05-09 09:44:28.083125","2012-05-09 09:44:28.083125",1,
509,"Ie",115,"2012-05-09 09:44:28.088498","2012-05-09 09:44:28.088498",1,
510,"Proto-",115,"2012-05-09 09:44:28.095936","2012-05-09 09:44:28.095936",1,
511,"n/a",115,"2012-05-09 09:44:28.103404","2012-05-09 09:44:28.103404",1,
512,"II",115,"2012-05-09 09:44:28.110935","2012-05-09 09:44:28.110935",1,
513,"Ic-d",115,"2012-05-09 09:44:28.118464","2012-05-09 09:44:28.118464",1,
514,"A",114,"2012-05-09 12:50:39.006146","2012-05-09 12:50:39.006146",1,
515,"n/a",116,"2012-05-14 10:06:33.257565","2012-05-14 10:06:33.257565",1,
516,"middle",117,"2012-05-14 10:16:32.683077","2012-05-14 10:16:32.683077",1,
517,"Older ",117,"2012-05-14 10:16:32.690936","2012-05-14 10:16:32.690936",1,
518,"n/a",117,"2012-05-14 10:16:32.698551","2012-05-14 10:16:32.698551",1,
519,"Early",75,"2012-05-18 10:52:32.528583","2012-05-18 10:52:32.528583",1,
520,"Pre-Pottery",75,"2012-05-18 10:54:41.269578","2012-05-18 10:54:41.269578",1,
521,"n/a",118,"2012-05-18 12:38:44.947609","2012-05-18 12:38:44.947609",1,
522,"VII",109,"2012-05-30 12:18:44.543367","2012-05-30 12:18:44.543367",1,
523,"n/a",119,"2012-06-13 10:23:54.253003","2012-06-13 10:23:54.253003",1,
524,"n/a",120,"2012-06-27 11:47:17.977037","2012-06-27 11:47:17.977037",1,
525,"A",121,"2012-06-27 12:12:37.989965","2012-06-27 12:12:37.989965",1,
526,"n/a",121,"2012-06-27 12:12:37.99342","2012-06-27 12:12:37.99342",1,
527,"n/a",122,"2012-06-27 12:19:09.487926","2012-06-27 12:19:09.487926",1,
528,"B",121,"2012-06-27 12:33:18.815253","2012-06-27 12:33:18.815253",1,
529,"n/a",123,"2012-06-27 12:40:38.863393","2012-06-27 12:40:38.863393",1,
530,"I",123,"2012-06-27 13:00:24.60552","2012-06-27 13:00:24.60552",1,
531,"III",123,"2012-06-27 13:00:24.614219","2012-06-27 13:00:24.614219",1,
532,"II",123,"2012-06-27 13:00:24.622688","2012-06-27 13:00:24.622688",1,
533,"Pre-",121,"2012-06-27 13:06:17.303387","2012-06-27 13:06:17.303387",1,
534,"Alföld-LBK. jüngere",1,"2012-06-27 13:37:24.372391","2012-06-27 13:37:24.372391",1,
535,"Alföld-LBK",1,"2012-06-27 13:37:48.908307","2012-06-27 13:37:48.908307",1,
536,"older",110,"2012-06-27 15:25:12.478495","2012-06-27 15:25:12.478495",1,
537,"II",124,"2012-06-29 11:22:41.926046","2012-06-29 11:22:41.926046",1,
538,"n/a",124,"2012-06-29 11:22:41.934906","2012-06-29 11:22:41.934906",1,
539,"n/a",59,"2012-06-29 11:39:41.115676","2012-06-29 11:39:41.115676",1,
540,"Lengyel I, Lengyel früh",60,"2013-04-12 08:04:47.094724","2013-04-12 08:04:47.094724",1,
541,"frühes und klassisches Theiß",110,"2013-04-12 08:06:47.178007","2013-04-12 08:06:47.178007",1,
542,"Frühtheiß",110,"2013-04-12 08:06:47.186502","2013-04-12 08:06:47.186502",1,
543,"klassisches Theiß",110,"2013-04-12 08:06:47.193363","2013-04-12 08:06:47.193363",1,
544,"klassisches und spätes Theiß, Gorsza C",110,"2013-04-12 08:06:47.200118","2013-04-12 08:06:47.200118",1,
545,"Frühchalkolithikum 1-3, ASPRO 6, Djeitun",130,"2013-04-12 08:08:40.036178","2013-04-12 08:08:40.036178",1,
546,"Jeitun früh, ASPRO 6",130,"2013-04-12 08:08:40.044177","2013-04-12 08:08:40.044177",1,
547,"Jeitun mitte, ASPRO 6",130,"2013-04-12 08:08:40.050893","2013-04-12 08:08:40.050893",1,
548,"Jeitun moyen, ASPRO 6",130,"2013-04-12 08:08:40.057555","2013-04-12 08:08:40.057555",1,
549,"n/a",140,"2013-04-12 08:10:41.439969","2013-04-12 08:10:41.439969",1,
550,"B2",140,"2013-04-12 08:10:41.443624","2013-04-12 08:10:41.443624",1,
551,"B1, B2",140,"2013-04-12 08:10:41.446319","2013-04-12 08:10:41.446319",1,
552,"C1",140,"2013-04-12 08:10:41.448968","2013-04-12 08:10:41.448968",1,
553,"C2",140,"2013-04-12 08:10:41.452138","2013-04-12 08:10:41.452138",1,
554,"Cernavoda I und III, Varna",107,"2013-04-12 08:15:27.662974","2013-04-12 08:15:27.662974",1,
555,"Cernavoda I, Endkupferzeit IIB, Pevets",107,"2013-04-12 08:15:27.666704","2013-04-12 08:15:27.666704",1,
556,"Cernavoda I, Pevec",107,"2013-04-12 08:15:27.669419","2013-04-12 08:15:27.669419",1,
557,"Endkupferzeit I-II; Cernavoda I-Kultur",107,"2013-04-12 08:15:27.672081","2013-04-12 08:15:27.672081",1,
558,"Starcevo",108,"2013-04-12 08:16:35.232148","2013-04-12 08:16:35.232148",1,
559,"Starcevo-Cris",108,"2013-04-12 08:16:35.240691","2013-04-12 08:16:35.240691",1,
560,"Zentralbalkanisches Mittelneolithikum (Starcevo II)",108,"2013-04-12 08:16:35.24745","2013-04-12 08:16:35.24745",1,
561,"Zentralbalkanisches Mittelneolithikum (Starcevo III)",108,"2013-04-12 08:16:35.254631","2013-04-12 08:16:35.254631",1,
562,"I-II",109,"2013-04-12 08:34:28.858338","2013-04-12 08:34:28.858338",1,
563,"II/III",109,"2013-04-12 08:34:28.865585","2013-04-12 08:34:28.865585",1,
564,"Karanovo III,Karanovo III/IV",109,"2013-04-12 08:34:28.872404","2013-04-12 08:34:28.872404",1,
565,"Karanovo IV Mitte-Spät, Mittelchalkolithikum, Frühchalkolithikum",109,"2013-04-12 08:34:28.87909","2013-04-12 08:34:28.87909",1,
566,"Galabnik IIa/b, Cavdar II, Karanovo I/II, WBPP",109,"2013-04-12 08:41:34.401547","2013-04-12 08:41:34.401547",1,
567,"Gâlâbnik-I?, Karanovo I",109,"2013-04-12 08:41:34.404509","2013-04-12 08:41:34.404509",1,
568,"Gâlâbnik-II?, Karanovo I",109,"2013-04-12 08:41:34.407168","2013-04-12 08:41:34.407168",1,
569,"entwickeltes und spätes Starcevo, Veluška Tumba III",108,"2013-04-12 08:42:17.759627","2013-04-12 08:42:17.759627",1,
570,"Gorsza B",110,"2013-04-12 08:43:04.009037","2013-04-12 08:43:04.009037",1,
571,"Öcsöd B, Kökénydomb II, Gorsza D/C",110,"2013-04-12 08:43:04.014541","2013-04-12 08:43:04.014541",1,
572,"A2",111,"2013-04-12 08:43:26.178709","2013-04-12 08:43:26.178709",1,
573,"B",114,"2013-04-12 08:45:06.895787","2013-04-12 08:45:06.895787",1,
574,"B1",114,"2013-04-12 08:45:06.903925","2013-04-12 08:45:06.903925",1,
575,"B2",114,"2013-04-12 08:45:06.911033","2013-04-12 08:45:06.911033",1,
576,"B2/C",114,"2013-04-12 08:45:06.917768","2013-04-12 08:45:06.917768",1,
577,"Vinca-Plocnik, Vinca D",114,"2013-04-12 08:45:06.924842","2013-04-12 08:45:06.924842",1,
578,"Vinca-Plocnik, Vinca IV, Supska 2/1",114,"2013-04-12 08:45:06.932158","2013-04-12 08:45:06.932158",1,
579,"Vinca-Turdas",114,"2013-04-12 08:45:06.939501","2013-04-12 08:45:06.939501",1,
580,"Protokakanj, Kakanj",116,"2013-04-12 08:47:35.923995","2013-04-12 08:47:35.923995",1,
581,"IIA",117,"2013-04-12 08:48:08.644157","2013-04-12 08:48:08.644157",1,
582,"IIB",117,"2013-04-12 08:48:08.651526","2013-04-12 08:48:08.651526",1,
583,"Beginn Late Cucuteni, Tripolje C1",121,"2013-04-12 08:50:02.204368","2013-04-12 08:50:02.204368",1,
584,"Cucuteni A1",121,"2013-04-12 08:50:02.207459","2013-04-12 08:50:02.207459",1,
585,"Cucuteni A2",121,"2013-04-12 08:50:02.210272","2013-04-12 08:50:02.210272",1,
586,"Cucuteni A4",121,"2013-04-12 08:50:02.213342","2013-04-12 08:50:02.213342",1,
587,"Cucuteni, Tripolje C1",121,"2013-04-12 08:50:02.216337","2013-04-12 08:50:02.216337",1,
588,"frühes Tripolje",121,"2013-04-12 08:50:02.219355","2013-04-12 08:50:02.219355",1,
589,"frühes Tripolje, Beginn klassiches Tripolje",121,"2013-04-12 08:50:02.222542","2013-04-12 08:50:02.222542",1,
590,"frühes Tripolje, Cucuteni, Tripolye A",121,"2013-04-12 08:50:02.225864","2013-04-12 08:50:02.225864",1,
591,"frühes Tripolje, Tripolye B1",121,"2013-04-12 08:50:02.229196","2013-04-12 08:50:02.229196",1,
592,"Pre-Cucuteni II",121,"2013-04-12 08:50:02.232545","2013-04-12 08:50:02.232545",1,
593,"Pre-Cucuteni III",121,"2013-04-12 08:50:02.235903","2013-04-12 08:50:02.235903",1,
594,"n/a",125,"2013-04-12 08:52:14.175262","2013-04-12 08:52:14.175262",1,
595,"Bug-Dniester entwickelt, spät",125,"2013-04-12 08:52:14.182313","2013-04-12 08:52:14.182313",1,
596,"Bug-Dniester spät",125,"2013-04-12 08:52:14.185211","2013-04-12 08:52:14.185211",1,
597,"Dniester-Bug-Kultur früh",125,"2013-04-12 08:52:14.187966","2013-04-12 08:52:14.187966",1,
598,"entwickeltes Bug-Dniester",125,"2013-04-12 08:52:14.191006","2013-04-12 08:52:14.191006",1,
599,"n/a",126,"2013-04-12 08:53:17.093864","2013-04-12 08:53:17.093864",1,
600,"n/a",127,"2013-04-12 08:53:52.186823","2013-04-12 08:53:52.186823",1,
601,"entwickeltes Bug-Dniester",127,"2013-04-12 08:53:52.193829","2013-04-12 08:53:52.193829",1,
602,"entwickeltes Gumelnita, KGK VI",128,"2013-04-12 09:07:38.544064","2013-04-12 09:07:38.544064",1,
603,"entwickeltes und spätes KGK VI",128,"2013-04-12 09:07:38.547189","2013-04-12 09:07:38.547189",1,
604,"KGK VI",128,"2013-04-12 09:07:38.550125","2013-04-12 09:07:38.550125",1,
605,"KGK VI1",128,"2013-04-12 09:07:38.553177","2013-04-12 09:07:38.553177",1,
606,"KGK VI2-3",128,"2013-04-12 09:07:38.556236","2013-04-12 09:07:38.556236",1,
607,"spätes KGK VI, Varna",128,"2013-04-12 09:07:38.559386","2013-04-12 09:07:38.559386",1,
608,"Varna",128,"2013-04-12 09:07:38.562781","2013-04-12 09:07:38.562781",1,
609,"Varna III",128,"2013-04-12 09:07:38.566154","2013-04-12 09:07:38.566154",1,
610,"n/a",129,"2013-04-12 09:08:14.558425","2013-04-12 09:08:14.558425",1,
611,"n/a",131,"2013-04-12 09:08:46.902434","2013-04-12 09:08:46.902434",1,
612,"Spätes Epipaläolithikum",131,"2013-04-12 09:08:46.909674","2013-04-12 09:08:46.909674",1,
613,"n/a",133,"2013-04-12 09:09:09.624955","2013-04-12 09:09:09.624955",1,
614,"n/a",134,"2013-04-12 09:09:35.213663","2013-04-12 09:09:35.213663",1,
615,"n/a",135,"2013-04-12 09:09:53.93796","2013-04-12 09:09:53.93796",1,
616,"n/a",136,"2013-04-12 09:10:10.028368","2013-04-12 09:10:10.028368",1,
617,"n/a",137,"2013-04-12 09:10:25.37355","2013-04-12 09:10:25.37355",1,
618,"n/a",138,"2013-04-12 09:10:48.25172","2013-04-12 09:10:48.25172",1,
619,"n/a",139,"2013-04-12 09:11:05.696802","2013-04-12 09:11:05.696802",1,
620,"n/a",141,"2013-04-12 09:13:32.150251","2013-04-12 09:13:32.150251",1,
621,"ASPRO 9, Gruppe C von Kapel",141,"2013-04-12 09:13:32.153326","2013-04-12 09:13:32.153326",1,
622,"ASPRO 9, Obeid 2, 3",141,"2013-04-12 09:13:32.156043","2013-04-12 09:13:32.156043",1,
623,"Gawra XVI-XV",141,"2013-04-12 09:13:32.158817","2013-04-12 09:13:32.158817",1,
624,"ASPRO 8, Obeid 3, 4",141,"2013-04-12 09:13:32.162227","2013-04-12 09:13:32.162227",1,
625,"2 = Hadji Mohammed, ASPRO 7",141,"2013-04-12 09:13:32.165569","2013-04-12 09:13:32.165569",1,
626,"3, ASPRO 8",141,"2013-04-12 09:13:32.169433","2013-04-12 09:13:32.169433",1,
627,"4, ASPRO 9",141,"2013-04-12 09:13:32.176275","2013-04-12 09:13:32.176275",1,
628,"4, ASPRO 9, Gawra früh",141,"2013-04-12 09:13:32.183083","2013-04-12 09:13:32.183083",1,
629,"4, ASPRO 9, Gawra früh, Uruk",141,"2013-04-12 09:13:32.189999","2013-04-12 09:13:32.189999",1,
630,"früh, ASPRO 8",141,"2013-04-12 09:13:32.196779","2013-04-12 09:13:32.196779",1,
631,"spät nördlich, ASPRO 9",141,"2013-04-12 09:13:32.203629","2013-04-12 09:13:32.203629",1,
632,"spät, ASPRO 9",141,"2013-04-12 09:13:32.210404","2013-04-12 09:13:32.210404",1,
633,"ASPRO 8/9",141,"2013-04-12 09:13:32.217177","2013-04-12 09:13:32.217177",1,
667,"ASPRO 3, Abdul Hosein",142,"2013-04-12 09:27:39.798981","2013-04-12 09:27:39.798981",1,
669,"ASPRO 3, Ganj Dareh",142,"2013-04-12 09:27:39.804791","2013-04-12 09:27:39.804791",1,
668,"ASPRO 3, Ganj Dareh?",142,"2013-04-12 09:27:39.802037","2013-04-12 09:28:03.684503",1,
634,"PPNB, ASPRO 3",142,"2013-04-12 09:24:30.917753","2013-04-12 09:24:30.917753",1,
635,"n/a",142,"2013-04-12 09:24:30.920928","2013-04-12 09:24:30.920928",1,
636,"Asikli Hüyük",142,"2013-04-12 09:24:30.923682","2013-04-12 09:24:30.923682",1,
637,"PPNB, Çayönü Zwischenschicht, ASPRO 4",142,"2013-04-12 09:24:30.926379","2013-04-12 09:24:30.926379",1,
638,"PPNB, Kermez Dere, Nemrik 9",142,"2013-04-12 09:24:30.929194","2013-04-12 09:24:30.929194",1,
639,"ASPRO 3",142,"2013-04-12 09:24:30.932587","2013-04-12 09:24:30.932587",1,
640,"ASPRO 4",142,"2013-04-12 09:24:30.935922","2013-04-12 09:24:30.935922",1,
641,"Frühneolithikum",142,"2013-04-12 09:24:30.939278","2013-04-12 09:24:30.939278",1,
642,"PPNA, ASPRO 2",142,"2013-04-12 09:24:30.942724","2013-04-12 09:24:30.942724",1,
643,"PPNB, ASPRO 3/4",142,"2013-04-12 09:24:30.946066","2013-04-12 09:24:30.946066",1,
644,"PPNB, ASPRO 4",142,"2013-04-12 09:24:30.949433","2013-04-12 09:24:30.949433",1,
645,"ASPRO 2",142,"2013-04-12 09:24:30.952831","2013-04-12 09:24:30.952831",1,
646,"ASPRO 2, Ganj Dareh",142,"2013-04-12 09:24:30.956162","2013-04-12 09:24:30.956162",1,
647,"ASPRO 2, Ganj Dareh?",142,"2013-04-12 09:24:30.959517","2013-04-12 09:24:30.959517",1,
648,"ASPRO 3/4",142,"2013-04-12 09:24:30.962922","2013-04-12 09:24:30.962922",1,
649,"Ende PPNB früh, ASPRO 3",142,"2013-04-12 09:24:30.966266","2013-04-12 09:24:30.966266",1,
650,"Akeramikum I",142,"2013-04-12 09:24:30.969633","2013-04-12 09:24:30.969633",1,
651,"PPNB final, ASPRO 4",142,"2013-04-12 09:24:30.973021","2013-04-12 09:24:30.973021",1,
652,"PPNA",142,"2013-04-12 09:24:30.976355","2013-04-12 09:24:30.976355",1,
653,"PPNA spät, ASPRO 2",142,"2013-04-12 09:24:30.979728","2013-04-12 09:24:30.979728",1,
654,"PPNA spät, ASPRO 3",142,"2013-04-12 09:24:30.983124","2013-04-12 09:24:30.983124",1,
655,"PPNA, ASPRO 2, PPN A spät",142,"2013-04-12 09:24:30.98645","2013-04-12 09:24:30.98645",1,
656,"PPNA, ASPRO 2, Sultanien",142,"2013-04-12 09:24:30.989816","2013-04-12 09:24:30.989816",1,
657,"PPNA/B, ASPRO 3",142,"2013-04-12 09:24:30.993189","2013-04-12 09:24:30.993189",1,
658,"PPNB",142,"2013-04-12 09:24:30.996539","2013-04-12 09:24:30.996539",1,
659,"PPNB früh",142,"2013-04-12 09:24:30.999902","2013-04-12 09:24:30.999902",1,
660,"PPNB früh, ASPRO 3",142,"2013-04-12 09:24:31.003279","2013-04-12 09:24:31.003279",1,
661,"PPNB oder vor PPNB",142,"2013-04-12 09:24:31.006633","2013-04-12 09:24:31.006633",1,
662,"PPNB spät",142,"2013-04-12 09:24:31.010006","2013-04-12 09:24:31.010006",1,
663,"PPNB spät, ASPRO 4",142,"2013-04-12 09:24:31.013393","2013-04-12 09:24:31.013393",1,
664,"PPNC, ASPRO 3",142,"2013-04-12 09:24:31.016728","2013-04-12 09:24:31.016728",1,
665,"Präkeramikum",142,"2013-04-12 09:24:31.020082","2013-04-12 09:24:31.020082",1,
666,"Protoneolithikum, PPNA, ASPRO 2",142,"2013-04-12 09:24:31.023473","2013-04-12 09:24:31.023473",1,
670,"früh",143,"2013-04-12 10:16:06.774584","2013-04-12 10:16:06.774584",1,
671,"mittel",143,"2013-04-12 10:16:06.782114","2013-04-12 10:16:06.782114",1,
672,"spät",143,"2013-04-12 10:16:06.788996","2013-04-12 10:16:06.788996",1,
673,"4, Aliabad",144,"2013-04-12 10:18:55.04123","2013-04-12 10:18:55.04123",1,
674,"2, Bard Sir",144,"2013-04-12 10:18:55.048353","2013-04-12 10:18:55.048353",1,
675,"1-2",144,"2013-04-12 10:18:55.055184","2013-04-12 10:18:55.055184",1,
676,"4-5, Aliabad-Mashiz",144,"2013-04-12 10:18:55.061898","2013-04-12 10:18:55.061898",1,
677,"n/a",145,"2013-04-12 10:19:52.108817","2013-04-12 10:19:52.108817",1,
678,"III",146,"2013-04-12 10:20:12.03524","2013-04-12 10:20:12.03524",1,
679,"IV",146,"2013-04-12 10:20:12.03913","2013-04-12 10:20:12.03913",1,
680,"n/a",147,"2013-04-12 10:20:48.870159","2013-04-12 10:20:48.870159",1,
681,"Mitte",147,"2013-04-12 10:20:48.877286","2013-04-12 10:20:48.877286",1,
682,"Mitte-Spät",147,"2013-04-12 10:20:48.88414","2013-04-12 10:20:48.88414",1,
683,"Spät",147,"2013-04-12 10:20:48.891027","2013-04-12 10:20:48.891027",1,
684,"n/a",148,"2013-04-12 10:21:41.405884","2013-04-12 10:21:41.405884",1,
685,"G",149,"2013-04-12 10:22:33.656916","2013-04-12 10:22:33.656916",1,
686,"D",149,"2013-04-12 10:22:33.663918","2013-04-12 10:22:33.663918",1,
687,"A-B",149,"2013-04-12 10:22:33.670657","2013-04-12 10:22:33.670657",1,
688,"B",149,"2013-04-12 10:22:33.677409","2013-04-12 10:22:33.677409",1,
689,"F",149,"2013-04-12 10:22:33.684156","2013-04-12 10:22:33.684156",1,
690,"D-E",149,"2013-04-12 10:22:33.690891","2013-04-12 10:22:33.690891",1,
691,"n/a",150,"2013-04-12 10:23:27.456525","2013-04-12 10:23:27.456525",1,
692,"n/a",151,"2013-04-12 10:23:41.678664","2013-04-12 10:23:41.678664",1,
693,"n/a",152,"2013-04-12 10:23:56.224072","2013-04-12 10:23:56.224072",1,
694,"n/a",153,"2013-04-12 10:24:08.836715","2013-04-12 10:24:13.583326",1,
695,"IV, Spantov",154,"2013-04-12 10:24:38.604484","2013-04-12 10:24:38.604484",1,
696,"n/a",155,"2013-04-12 10:24:57.326498","2013-04-12 10:24:57.326498",1,
697,"n/a",156,"2013-04-12 10:25:25.009289","2013-04-12 10:25:25.009289",1,
698,"jüngeres Baden, Kostolac",156,"2013-04-12 10:25:25.016509","2013-04-12 10:25:25.016509",1,
699,"I",157,"2013-04-12 10:28:12.513572","2013-04-12 10:28:12.513572",1,
700,"I spät, ASPRO 8",157,"2013-04-12 10:28:12.517681","2013-04-12 10:28:12.517681",1,
701,"I, ASPRO 8",157,"2013-04-12 10:28:12.520825","2013-04-12 10:28:12.520825",1,
702,"II mitte oder spät, ASPRO 9",157,"2013-04-12 10:28:12.523965","2013-04-12 10:28:12.523965",1,
703,"II, ASPRO 9",157,"2013-04-12 10:28:12.527178","2013-04-12 10:28:12.527178",1,
704,"Namazga III",157,"2013-04-12 10:28:12.530315","2013-04-12 10:28:12.530315",1,
705,"II = Yalangach, ASPRO 9",157,"2013-04-12 10:28:12.533427","2013-04-12 10:28:12.533427",1,
706,"II früh = Yalangach, ASPRO 9",157,"2013-04-12 10:28:12.536604","2013-04-12 10:28:12.536604",1,
707,"n/a",158,"2013-04-12 10:29:37.81537","2013-04-12 10:29:37.81537",1,
708,"final, ASPRO 1",158,"2013-04-12 10:29:37.822708","2013-04-12 10:29:37.822708",1,
709,"Natufien, ASPRO 1, Mesolithikum",158,"2013-04-12 10:29:37.829573","2013-04-12 10:29:37.829573",1,
710,"n/a",159,"2013-04-12 10:30:31.616487","2013-04-12 10:30:31.616487",1,
711,"Neolithikum entwickelt",159,"2013-04-12 10:30:31.625091","2013-04-12 10:30:31.625091",1,
712,"Neolithikum spät",159,"2013-04-12 10:30:31.63205","2013-04-12 10:30:31.63205",1,
713,"Neolithikum/Äneolithikum",159,"2013-04-12 10:30:31.638982","2013-04-12 10:30:31.638982",1,
714,"Tsangli, Arapi",160,"2013-04-12 10:31:09.018462","2013-04-12 10:31:09.018462",1,
715,"n/a",161,"2013-04-12 10:32:05.694064","2013-04-12 10:32:05.694064",1,
716,"Period I",161,"2013-04-12 10:32:05.701591","2013-04-12 10:32:05.701591",1,
717,"Äneolithikum, Uruk, ASPRO 8 oder 9, Obeid, Dalma, Pisdeli, Hasanlu VIII",161,"2013-04-12 10:32:05.70853","2013-04-12 10:32:05.70853",1,
718,"Neolithikum, Äneolithikum",161,"2013-04-12 10:32:05.715442","2013-04-12 10:32:05.715442",1,
719,"Neolithikum, Äneolithikum, Shulaveri-Shomu",161,"2013-04-12 10:32:05.722378","2013-04-12 10:32:05.722378",1,
720,"n/a",162,"2013-04-12 10:32:52.323761","2013-04-12 10:32:52.323761",1,
721,"ASPRO 9,Bakun früh",163,"2013-04-12 10:33:22.505715","2013-04-12 10:33:22.505715",1,
722,"n/a",163,"2013-04-12 10:33:22.512956","2013-04-12 10:33:22.512956",1,
723,"n/a",164,"2013-04-12 10:33:38.138519","2013-04-12 10:33:38.138519",1,
724,"Beginn Marica/Gradesnica, Dikili-Tash-Slatino-Kultur",165,"2013-04-12 10:34:05.257274","2013-04-12 10:34:05.257274",1,
725,"Dimini/Rachmani, Sitagroi III, Dikili Tash II, Maliq II, Crno Buki I-II, Bakarno Gumno I-II, Karanovo V-VI, Suplevac",166,"2013-04-12 10:34:41.098306","2013-04-12 10:34:41.098306",1,
726,"n/a",167,"2013-04-12 10:35:01.423328","2013-04-12 10:35:01.423328",1,
727,"ASPRO 7, Cheshmeh Ali, Sialk I",168,"2013-04-12 10:43:40.464976","2013-04-12 10:43:40.464976",1,
728,"ASPRO 8, Cheshmeh Ali, Sialk II",168,"2013-04-12 10:43:40.468956","2013-04-12 10:43:40.468956",1,
729,"ASPRO 8, Muradabad Period, Yahya VII früh",168,"2013-04-12 10:43:40.471748","2013-04-12 10:43:40.471748",1,
730,"ASPRO 8, Obeid, Dalma, Hasanlu IX",168,"2013-04-12 10:43:40.474515","2013-04-12 10:43:40.474515",1,
731,"ASPRO 8, Samarra, Shamsabad",168,"2013-04-12 10:43:40.477276","2013-04-12 10:43:40.477276",1,
732,"n/a",168,"2013-04-12 10:43:40.480045","2013-04-12 10:43:40.480045",1,
733,"Dalma, ASPRO 8, Obeid, Pisdeli, Hasanlu VIII",168,"2013-04-12 10:43:40.48285","2013-04-12 10:43:40.48285",1,
734,"Dalma, ASPRO 8, Obeid, Siabid, Godin X",168,"2013-04-12 10:43:40.485629","2013-04-12 10:43:40.485629",1,
735,"frühes keramisches Neolithikum, ASPRO 5, Vor-Obeid, Halaf/Eridu",168,"2013-04-12 10:43:40.488404","2013-04-12 10:43:40.488404",1,
764,"ASPRO 6, Cheshmeh Ali, Sialk I",173,"2013-04-12 10:49:59.330016","2013-04-12 10:49:59.330016",1,
736,"Gruppe B oder D oder C von Kapel, ASPRO 7",168,"2013-04-12 10:43:40.491173","2013-04-12 10:43:40.491173",1,
737,"Gruppe B oder D von Kapel, ASPRO 7",168,"2013-04-12 10:43:40.494087","2013-04-12 10:43:40.494087",1,
738,"Gruppe B von Kapel",168,"2013-04-12 10:43:40.496867","2013-04-12 10:43:40.496867",1,
739,"Hadji Mohammed, ASPRO 8, Obeid 2",168,"2013-04-12 10:43:40.499915","2013-04-12 10:43:40.499915",1,
740,"Hajji Firuz, ASPRO 6, Vor-Obeid, ASPRO 7, Hasanlu X",168,"2013-04-12 10:43:40.503355","2013-04-12 10:43:40.503355",1,
741,"Jarri B, ASPRO 7",168,"2013-04-12 10:43:40.506809","2013-04-12 10:43:40.506809",1,
742,"Keramisches Neolithikum, ASPRO 5, Hassuna Ia",168,"2013-04-12 10:43:40.510226","2013-04-12 10:43:40.510226",1,
743,"Khor-Kultur, ASPRO 8, Gruppe A, C oder D von Kapel",168,"2013-04-12 10:43:40.513653","2013-04-12 10:43:40.513653",1,
744,"Neolithikum II",168,"2013-04-12 10:43:40.517083","2013-04-12 10:43:40.517083",1,
745,"Neolithikum II, Late Ceramic Neolithic",168,"2013-04-12 10:43:40.520595","2013-04-12 10:43:40.520595",1,
746,"Neolithikum, ASPRO 7, PNA",168,"2013-04-12 10:43:40.524058","2013-04-12 10:43:40.524058",1,
747,"PNA, ASPRO 6, Early Pottery Neolithic",168,"2013-04-12 10:43:40.527553","2013-04-12 10:43:40.527553",1,
748,"Pre-Ghassulien, PN, Yarmukien",168,"2013-04-12 10:43:40.531023","2013-04-12 10:43:40.531023",1,
749,"n/a",169,"2013-04-12 10:46:01.418489","2013-04-12 10:46:01.418489",1,
750,"n/a",170,"2013-04-12 10:46:19.143639","2013-04-12 10:46:19.143639",1,
751,"ASPRO 8",171,"2013-04-12 10:46:42.599032","2013-04-12 10:46:42.599032",1,
752,"ASPRO 9",171,"2013-04-12 10:46:42.60637","2013-04-12 10:46:42.60637",1,
753,"n/a",172,"2013-04-12 10:48:04.701129","2013-04-12 10:48:04.701129",1,
754,"ASPRO 5, PPNB final",172,"2013-04-12 10:48:04.704304","2013-04-12 10:48:04.704304",1,
755,"ASPRO 5, Vor-Obeid",172,"2013-04-12 10:48:04.707316","2013-04-12 10:48:04.707316",1,
756,"ASPRO 5, Vor-Obeid, Early Sarab",172,"2013-04-12 10:48:04.710226","2013-04-12 10:48:04.710226",1,
757,"ASPRO 5, Zagheh, Sialk I",172,"2013-04-12 10:48:04.713276","2013-04-12 10:48:04.713276",1,
758,"Çatalhöyük Ost Spät, ASPRO 5",172,"2013-04-12 10:48:04.716138","2013-04-12 10:48:04.716138",1,
759,"Hacilar IX-VII oder VII/VI (Parzinger), Catalhöyük VIII-VI, Frühneolithikum, ASPRO 5",172,"2013-04-12 10:48:04.719007","2013-04-12 10:48:04.719007",1,
760,"Neolithikum, ASPRO 5, PPNB, PN, späteres Chalkolithikum",172,"2013-04-12 10:48:04.722409","2013-04-12 10:48:04.722409",1,
761,"Neolithikum, ASPRO 5, Vor-Obeid, Pre-Hassuna, Hassuna, Muhammad Jaffar",172,"2013-04-12 10:48:04.725873","2013-04-12 10:48:04.725873",1,
762,"Neolithikum, ASPRO 5, Vor-Obeid, Zagros Standard Painted Ware Phase, Serab",172,"2013-04-12 10:48:04.729447","2013-04-12 10:48:04.729447",1,
763,"Pre-Hassuna, ASPRO 5",172,"2013-04-12 10:48:04.733088","2013-04-12 10:48:04.733088",1,
772,"n/a",174,"2013-04-12 10:50:50.983142","2013-04-12 10:50:50.983142",1,
775,"Ende",176,"2013-04-12 10:52:12.807021","2013-04-12 10:52:12.807021",1,
776,"Endkupferzeit I, Krivodol-Salcuta-Bubanj Hum-Komplex III, KSBh Ia",177,"2013-04-12 10:53:25.697329","2013-04-12 10:53:25.697329",1,
777,"Endkupferzeit I, KSBh Ia",177,"2013-04-12 10:53:25.704696","2013-04-12 10:53:25.704696",1,
778,"Endkupferzeit II, Salcuta-Telis-Baile Herculane-Komplex, , KSBh Ia",177,"2013-04-12 10:53:25.711614","2013-04-12 10:53:25.711614",1,
779,"frühes Krivodol, KSBh Ia",177,"2013-04-12 10:54:20.527247","2013-04-12 10:54:20.527247",1,
780,"Krivodol IV/V, letzte Phase der Krivodol-Salcuta-Bubanj-Kultur, KSBh Ia",177,"2013-04-12 10:54:20.5343","2013-04-12 10:54:20.5343",1,
781,"KSBh Ia",177,"2013-04-12 10:54:20.541275","2013-04-12 10:54:20.541275",1,
782,"Zaminec A-C, Krivodol I-III, klassische Krivodol-Salcuta-Bubanj-Kultur, KSBh Ia",177,"2013-04-12 10:54:20.548152","2013-04-12 10:54:20.548152",1,
783,"Zaminec A-C, KSBh Ia",177,"2013-04-12 10:54:20.555013","2013-04-12 10:54:20.555013",1,
793,"n/a",180,"2013-04-12 10:56:42.626756","2013-04-12 10:56:42.626756",1,
765,"ASPRO 6, Giyan V A-B, ASPRO 8, Sabz, Hazine",173,"2013-04-12 10:49:59.33309","2013-04-12 10:49:59.33309",1,
766,"n/a",173,"2013-04-12 10:49:59.336023","2013-04-12 10:49:59.336023",1,
767,"ASPRO 6, Obeid, Late Sarab",173,"2013-04-12 10:49:59.33883","2013-04-12 10:49:59.33883",1,
768,"ASPRO 6, Sialk I",173,"2013-04-12 10:49:59.344366","2013-04-12 10:49:59.344366",1,
769,"ASPRO 6, Vor-Obeid",173,"2013-04-12 10:49:59.351305","2013-04-12 10:49:59.351305",1,
770,"ASPRO 6, Zagheh, Sialk I",173,"2013-04-12 10:49:59.358118","2013-04-12 10:49:59.358118",1,
771,"Hacilar IX-VII oder VII/VI (Parzinger), Catalhöyük VIII-VI, Spätneolithikum, ASPRO 6",173,"2013-04-12 10:49:59.365037","2013-04-12 10:49:59.365037",1,
774,"Gawra spät",175,"2013-04-12 10:51:54.919107","2013-04-12 10:51:54.919107",1,
784,"n/a",178,"2013-04-12 10:54:52.688113","2013-04-12 10:54:52.688113",1,
785,"n/a",179,"2013-04-12 10:55:49.040667","2013-04-12 10:55:49.040667",1,
786,"Frühneolithikum (Çatal Höyük VI-VII), ASPRO 6",179,"2013-04-12 10:55:49.043745","2013-04-12 10:55:49.043745",1,
787,"Frühneolithikum (Duru), Frühchalkolithikum (Schoop), ASPRO 6",179,"2013-04-12 10:55:49.046604","2013-04-12 10:55:49.046604",1,
788,"Frühneolithikum, ASPRO 5",179,"2013-04-12 10:55:49.049631","2013-04-12 10:55:49.049631",1,
789,"Frühneolithikum, BEN-M",179,"2013-04-12 10:55:49.053443","2013-04-12 10:55:49.053443",1,
790,"Herpály, Szakalhat-frühes Theiß",179,"2013-04-12 10:55:49.056931","2013-04-12 10:55:49.056931",1,
791,"Impresso, Amuq A, B, ASPRO 5, 6, Neolithique ancien (Byblos)",179,"2013-04-12 10:55:49.060447","2013-04-12 10:55:49.060447",1,
792,"Kachi, Mehrgarh II-III",179,"2013-04-12 10:55:49.118829","2013-04-12 10:55:49.118829",1,
794,"Halaf früh, ASPRO 6",181,"2013-04-12 10:57:58.580874","2013-04-12 10:57:58.580874",1,
795,"Halaf mitte, ASPRO 7, Vor-Obeid",181,"2013-04-12 10:57:58.588349","2013-04-12 10:57:58.588349",1,
796,"Halaf spät, ASPRO 7, Vor-Obeid",181,"2013-04-12 10:57:58.595396","2013-04-12 10:57:58.595396",1,
797,"Halaf, ASPRO 7, Vor-Obeid",181,"2013-04-12 10:57:58.60232","2013-04-12 10:57:58.60232",1,
798,"Halaf, ASPRO 8, Amuq D-E",181,"2013-04-12 10:57:58.609151","2013-04-12 10:57:58.609151",1,
799,"Halaf, Neolithique moyen (Byblos), ASPRO 7",181,"2013-04-12 10:57:58.616148","2013-04-12 10:57:58.616148",1,
800,"Halaf, Neolithique recent (Byblos), Amuq C, ASPRO 7",181,"2013-04-12 10:57:58.623188","2013-04-12 10:57:58.623188",1,
801,"Halaf, Obeid, ASPRO 8/9",181,"2013-04-12 10:57:58.63044","2013-04-12 10:57:58.63044",1,
802,"Spät-Halaf, ASPRO 7",181,"2013-04-12 10:57:58.637417","2013-04-12 10:57:58.637417",1,
803,"ASPRO 2",182,"2013-04-12 11:00:02.851832","2013-04-12 11:00:02.851832",1,
804,"Hassuna Ib-II, ASPRO 6, Vor-Obeid",183,"2013-04-12 11:00:43.390458","2013-04-12 11:00:43.390458",1,
805,"Hassuna, ""Protochalkolithikum"", ASPRO 6",183,"2013-04-12 11:00:43.398054","2013-04-12 11:00:43.398054",1,
806,"Hassuna, ASPRO 6, Vor-Obeid",183,"2013-04-12 11:00:43.405088","2013-04-12 11:00:43.405088",1,
807,"Hassuna, Samarra, ASPRO 6, Vor-Obeid",183,"2013-04-12 11:00:43.41201","2013-04-12 11:00:43.41201",1,
808,"n/a",184,"2013-04-12 11:01:02.354424","2013-04-12 11:01:02.354424",1,
809,"n/a",185,"2013-04-12 11:01:15.500172","2013-04-12 11:01:15.500172",1,
810,"Khiamien, ASPRO 2",186,"2013-04-12 11:01:40.635986","2013-04-12 11:01:40.635986",1,
811,"Khiamien, ASPRO 2, PPN A früh",186,"2013-04-12 11:01:40.643715","2013-04-12 11:01:40.643715",1,
812,"Kura-Arax früh, Frühbronzezeit",187,"2013-04-12 11:02:44.521396","2013-04-12 11:02:44.521396",1,
813,"Kura-Arax I",187,"2013-04-12 11:02:44.528745","2013-04-12 11:02:44.528745",1,
814,"Kura-Arax-Kultur früh, Early Transcaucasian III, Frühbronzezeit",187,"2013-04-12 11:02:44.535635","2013-04-12 11:02:44.535635",1,
815,"Kura-Arax-Kultur früh, Frühbronzezeit",187,"2013-04-12 11:02:44.542643","2013-04-12 11:02:44.542643",1,
816,"Kura-Arax-Kultur, Early Transcaucasian III",187,"2013-04-12 11:02:44.549516","2013-04-12 11:02:44.549516",1,
817,"n/a",188,"2013-04-12 11:03:08.206173","2013-04-12 11:03:08.206173",1,
818,"n/a",189,"2013-04-12 11:03:23.593363","2013-04-12 11:03:23.593363",1,
819,"n/a",190,"2013-04-12 11:03:40.797501","2013-04-12 11:03:40.797501",1,
820,"n/a",191,"2013-04-12 11:03:59.328285","2013-04-12 11:03:59.328285",1,
821,"Sialk III6-7",192,"2013-04-12 11:04:36.51448","2013-04-12 11:04:36.51448",1,
822,"Sialk II",192,"2013-04-12 11:04:36.521738","2013-04-12 11:04:36.521738",1,
823,"Sialk III 4-5",192,"2013-04-12 11:04:36.528786","2013-04-12 11:04:36.528786",1,
824,"VII, Painted Orange Ware Phase",193,"2013-04-12 11:05:33.23528","2013-04-12 11:05:33.23528",1,
825,"VIII, Pisdeli, ASPRO 9",193,"2013-04-12 11:05:33.242534","2013-04-12 11:05:33.242534",1,
826,"Phase Cheshmeh Nush, Susa II",194,"2013-04-12 11:06:19.906705","2013-04-12 11:06:19.906705",1,
827,"Phase Late Uruk, Susa II",194,"2013-04-12 11:06:19.914043","2013-04-12 11:06:19.914043",1,
828,"Susa A",194,"2013-04-12 11:06:19.921019","2013-04-12 11:06:19.921019",1,
829,"Susa A, Susa I",194,"2013-04-12 11:06:19.927856","2013-04-12 11:06:19.927856",1,
830,"n/a",195,"2013-04-12 11:06:41.405427","2013-04-12 11:06:41.405427",1,
831,"III",196,"2013-04-12 11:07:02.751491","2013-04-12 11:07:02.751491",1,
832,"IV",196,"2013-04-12 11:07:02.759223","2013-04-12 11:07:02.759223",1,
833,"n/a",197,"2013-04-12 11:07:18.695228","2013-04-12 11:07:18.695228",1,
834,"Proto-Neolithikum, Zawi Chemian, ASPRO 1",199,"2013-04-12 11:08:04.74254","2013-04-12 11:08:04.74254",1,
835,"n/a",200,"2013-04-12 11:08:21.176251","2013-04-12 11:08:21.176251",1,
836,"n/a",201,"2013-04-12 11:09:17.979199","2013-04-12 11:09:17.979199",1,
837,"Spätneolithikum (Amiq A, B, Yumuktepe, Turlu), ASPRO 5/6",201,"2013-04-12 11:10:37.931502","2013-04-12 11:10:37.931502",1,
838,"Spätneolithikum (Hacilar, Fikirtepe), vor Yarimburgaz 5",201,"2013-04-12 11:10:37.934631","2013-04-12 11:10:37.934631",1,
839,"Spätneolithikum und Späteres, ASPRO 5/6",201,"2013-04-12 11:10:37.937525","2013-04-12 11:10:37.937525",1,
840,"Spätneolithikum, ASPRO 6",201,"2013-04-12 11:10:37.940374","2013-04-12 11:10:37.940374",1,
841,"Spätneolithikum, ASPRO 6, Hajji Firuz",201,"2013-04-12 11:10:37.943811","2013-04-12 11:10:37.943811",1,
842,"Spätneolithikum, ASPRO 8",201,"2013-04-12 11:10:37.947264","2013-04-12 11:10:37.947264",1,
843,"Spätneolithikum, Esztár-Gruppe",201,"2013-04-12 11:10:37.950749","2013-04-12 11:10:37.950749",1,
844,"Spätneolithikum, Protochalkolithikum, ASPRO 6",201,"2013-04-12 11:10:37.954287","2013-04-12 11:10:37.954287",1,
845,"Spätneolithikum, Stage I und II, Äneolithikum, Dalma, Halaf,  Nakhichevan-Mil'sk-Mugani",201,"2013-04-12 11:10:37.957781","2013-04-12 11:10:37.957781",1,
846,"Spätneolithikum/FM I",201,"2013-04-12 11:10:37.961325","2013-04-12 11:10:37.961325",1,
847,"Spätneolithikum/Frühchalkolithikum, Yarimburgaz 4",201,"2013-04-12 11:10:37.964874","2013-04-12 11:10:37.964874",1,
848,"Spätneolithikum/Frühchalkolithikum, Yarimburgaz 5/4",201,"2013-04-12 11:10:37.968382","2013-04-12 11:10:37.968382",1,
849,"Spätneolithisch-frühchalkolithisch",201,"2013-04-12 11:10:37.971953","2013-04-12 11:10:37.971953",1,
850,"I",202,"2013-04-12 11:11:38.850964","2013-04-12 11:11:38.850964",1,
851,"II",202,"2013-04-12 11:11:38.854584","2013-04-12 11:11:38.854584",1,
852,"III",202,"2013-04-12 11:11:38.857457","2013-04-12 11:11:38.857457",1,
853,"IV",202,"2013-04-12 11:11:38.860571","2013-04-12 11:11:38.860571",1,
854,"V",202,"2013-04-12 11:11:38.863818","2013-04-12 11:11:38.863818",1,
855,"spät",203,"2013-04-12 11:12:24.167305","2013-04-12 11:12:24.167305",1,
856,"A",204,"2013-04-12 11:12:48.072001","2013-04-12 11:12:48.072001",1,
857,"B",204,"2013-04-12 11:12:48.07924","2013-04-12 11:12:48.07924",1,
858,"C",204,"2013-04-12 11:12:48.086626","2013-04-12 11:12:48.086626",1,
859,"D",204,"2013-04-12 11:12:48.093645","2013-04-12 11:12:48.093645",1,
860,"Transitional Samarra bis Hajji Mohammed, ASPRO 7, Vor-Obeid",205,"2013-04-12 11:13:20.261355","2013-04-12 11:13:20.261355",1,
861,"Transitional, ASPRO 7, Vor-Obeid",205,"2013-04-12 11:13:20.268757","2013-04-12 11:13:20.268757",1,
862,"I",206,"2013-04-12 11:13:33.960246","2013-04-12 11:13:33.960246",1,
863,"IIB",207,"2013-04-12 11:13:48.271309","2013-04-12 11:13:48.271309",1,
864,"n/a",208,"2013-04-12 11:14:02.507632","2013-04-12 11:14:02.507632",1,
865,"Neolithikum, Grübchenkeramik, Bronzezeit",50,"2013-04-12 11:31:35.499321","2013-04-12 11:31:35.499321",1,
866,"Spätneolithikum, Bronzezeit, Herpály-Kultur, Theiß, Tiszpolgar",50,"2013-04-12 11:32:11.362022","2013-04-12 11:32:11.362022",1,
869,"Tripolje B2/C, Tripolje C1, Bronzezeit",50,"2013-04-12 11:38:33.004039","2013-04-12 11:38:33.004039",1,
867,"Spätneolithikum, Hacilar IX-VI (Duru), Frühchalkolithikum (Schoop) ASPRO 6",50,"2013-04-12 11:32:11.365175","2013-04-12 11:32:11.365175",1,
868,"Übergang Sopot/Lasinja, Sece",50,"2013-04-12 11:36:48.153378","2013-04-12 11:36:48.153378",1,
871,"Early Transcaucasian III, Hasanlu VII",68,"2013-04-12 11:42:52.542017","2013-04-12 11:42:52.542017",1,
872,"Proto-Elamite Tansitional, Protoelamite, Tureng Tepe IIB, Sialk IV1, Protoelamisch, Jemdet Nasr bis ED II",68,"2013-04-12 11:42:52.545103","2013-04-12 11:42:52.545103",1,
873,"Protoelamisch, Jemdet Nasr, Uruk, Banesh mittel, Jemdet Nasr, Susa IIIA, ED I",68,"2013-04-12 11:42:52.548","2013-04-12 11:42:52.548",1,
874,"Djemdet Nasr, Gawra spät, Obeid, Gawra XI, Obeid 3, Obeid spät, ASPRO 8, 9",68,"2013-04-12 11:42:52.551254","2013-04-12 11:42:52.551254",1,
875,"Arad III, Areini IV, EB II, EB Ic",68,"2013-04-12 11:42:52.55448","2013-04-12 11:42:52.55448",1,
876,"EB I",68,"2013-04-12 11:42:52.557727","2013-04-12 11:42:52.557727",1,
877,"EB I-II",68,"2013-04-12 11:42:52.561217","2013-04-12 11:42:52.561217",1,
878,"EB Ia/b",68,"2013-04-12 11:42:52.564698","2013-04-12 11:42:52.564698",1,
879,"EB IB oder EB II",68,"2013-04-12 11:42:52.568208","2013-04-12 11:42:52.568208",1,
880,"EB Ib?",68,"2013-04-12 11:42:52.571775","2013-04-12 11:42:52.571775",1,
881,"EB II",68,"2013-04-12 11:42:52.575266","2013-04-12 11:42:52.575266",1,
882,"EB II spät",68,"2013-04-12 11:42:52.578747","2013-04-12 11:42:52.578747",1,
883,"Frühbronzezeit 1a/Lokales Spätes Uruk, Kura-Arax-Kultur II, Amuq G, Jemdet Nasr, Frühdynastisch I",68,"2013-04-12 11:42:52.582328","2013-04-12 11:42:52.582328",1,
884,"Protourban, EB Ia",68,"2013-04-12 11:42:52.585988","2013-04-12 11:42:52.585988",1,
885,"ASPRO 3, PPN",142,"2013-04-12 11:57:53.846871","2013-04-12 11:57:53.846871",1,
886,"ASPRO 3, PPN?",142,"2013-04-12 11:57:53.850065","2013-04-12 11:57:53.850065",1,
896,"Usatovo, Tripolje CII",75,"2013-04-12 12:12:03.886079","2013-04-12 12:12:03.886079",1,
897,"Vinca-Plocnik?, Hvar-Lisicici",75,"2013-04-12 12:12:03.889792","2013-04-12 12:12:03.889792",1,
898,"vor Beginn Baden, Retz-Gajary",75,"2013-04-12 12:12:03.892878","2013-04-12 12:12:03.892878",1,
899,"Übergang Akeramikum/Frühneolithikum, ASPRO 4",75,"2013-04-12 12:12:03.895894","2013-04-12 12:12:03.895894",1,
900,"Übergang Halaf-Obeid, ASPRO 7, Vor-Obeid",75,"2013-04-12 12:12:03.899013","2013-04-12 12:12:03.899013",1,
901,"Übergang Halaf/Obeid, ASPRO 8, Amuq D",75,"2013-04-12 12:12:03.902846","2013-04-12 12:12:03.902846",1,
902,"Holozäne Steinzeit, 4. Jt.",75,"2013-04-12 12:12:03.906524","2013-04-12 12:12:03.906524",1,
903,"Kili Ghul Muhammad",75,"2013-04-12 12:12:03.91024","2013-04-12 12:12:03.91024",1,
904,"Kili Ghul Muhammad, Kechi Beg, Periano",75,"2013-04-12 12:12:03.913816","2013-04-12 12:12:03.913816",1,
905,"Kili Ghul Muhammad, Mehrgarh II-III",75,"2013-04-12 12:12:03.917388","2013-04-12 12:12:03.917388",1,
906,"Galepsos, Jungneolithikum oder Chalkolithikum (Sitagroi III?)",75,"2013-04-12 12:12:03.92112","2013-04-12 12:12:03.92112",1,
907,"Ende Fikirtepe, Yarimburgaz 5, Coskuntepe, Kuruçay 11-13, Hacilar V-I, Proto- und Vorsesklo, Nea Nikomedeia, Franchthi 1",75,"2013-04-12 12:12:03.924721","2013-04-12 12:12:03.924721",1,
908,"Frühes Akeramikum, Neolithikum 2, ASPRO 3, Mureybet IV",75,"2013-04-12 12:12:03.928454","2013-04-12 12:12:03.928454",1,
909,"Kakanj II, entwickeltes Kakanj, Vinca B",75,"2013-04-12 12:12:03.932206","2013-04-12 12:12:03.932206",1,
910,"Karanovo III-IV, Anza IV, Gumelnita, Azmak, Spätchalkolithikum",75,"2013-04-12 12:12:03.935962","2013-04-12 12:12:03.935962",1,
911,"Karanovo III, Frühes Vinca, Yarimburgaz 2",75,"2013-04-12 12:12:03.940318","2013-04-12 12:12:03.940318",1,
912,"Akropotamos Topolnitsa, Sitagroi I, Karanovo III/IV, Vinca A",75,"2013-04-12 12:12:03.947819","2013-04-12 12:12:03.947819",1,
913,"Akropotamos Topolnitsa, Spätneolithikum, Sitagroi II, III",75,"2013-04-12 12:12:03.955281","2013-04-12 12:12:03.955281",1,
914,"Yahya VA, Dashkar-Phase",75,"2013-04-12 12:12:03.962454","2013-04-12 12:12:03.962454",1,
915,"Akeramikum oder Çatal Höyük Ost VIII (Parzinger), ASPRO 4",75,"2013-04-12 12:12:03.969548","2013-04-12 12:12:03.969548",1,
916,"Akeramisches Neolithikum, Mehrgarh",75,"2013-04-12 12:12:03.976611","2013-04-12 12:12:03.976611",1,
917,"Akeramisches Neolithikum, Neolithikum, PNNB oder PN",75,"2013-04-12 12:12:03.984379","2013-04-12 12:12:03.984379",1,
918,"Akeramisches Neolithikum, Neolithikum, PPNB oder PN",75,"2013-04-12 12:12:03.991892","2013-04-12 12:12:03.991892",1,
919,"ASPRO 4, Pre-Hassuna, Hassuna",75,"2013-04-12 12:12:03.999287","2013-04-12 12:12:03.999287",1,
920,"PPNB spät, ASPRO 4, keramisches Neolithikum",75,"2013-04-12 12:12:04.006643","2013-04-12 12:12:04.006643",1,
921,"PPNB, ASPRO 5, Early Pottery Neolithic",75,"2013-04-12 12:12:04.013763","2013-04-12 12:12:04.013763",1,
922,"PPNB, Burin Neolithikum, ASPRO 5",75,"2013-04-12 12:12:04.020923","2013-04-12 12:12:04.020923",1,
923,"Bug-Dniester früh, entwickelt, Cris",75,"2013-04-12 12:12:04.028274","2013-04-12 12:12:04.028274",1,
924,"Dniester-Bug-Kultur mittel, LBK",75,"2013-04-12 12:12:04.035765","2013-04-12 12:12:04.035765",1,
925,"LBK, Notenkopf, Vinca B1-B2",75,"2013-04-12 12:12:04.043346","2013-04-12 12:12:04.043346",1,
926,"Argissa I",75,"2013-04-12 12:12:04.050475","2013-04-12 12:12:04.050475",1,
927,"Epinatufien, ASPRO 2, PPN A früh",75,"2013-04-12 12:12:04.057481","2013-04-12 12:12:04.057481",1,
928,"Fikirtepe, Hacilar IX-VII oder VIII",75,"2013-04-12 12:12:04.064796","2013-04-12 12:12:04.064796",1,
929,"jünger als I, Ende Spätneolithikum, Endneolithikum",75,"2013-04-12 12:12:04.072296","2013-04-12 12:12:04.072296",1,
930,"Karanovo VI-Gumelnita, Jungneolithikum oder Chalkolithikum (Sitagroi III?)",75,"2013-04-12 12:12:04.079735","2013-04-12 12:12:04.079735",1,
931,"Körös spät, Vinca",75,"2013-04-12 12:12:04.087149","2013-04-12 12:12:04.087149",1,
932,"Marica, Jungneolithikum oder Chalkolithikum (Sitagroi III?)",75,"2013-04-12 12:12:04.094257","2013-04-12 12:12:04.094257",1,
933,"Neolithikum, ASPRO 1, 2, zwischen Merimde und Maadi, Chalkolithikum mittel",75,"2013-04-12 12:12:04.101281","2013-04-12 12:12:04.101281",1,
934,"Neolithikum, vor Fayum A",75,"2013-04-12 12:12:04.1083","2013-04-12 12:12:04.1083",1,
935,"Neolithique recent (Byblos), ASPRO 8",75,"2013-04-12 12:12:04.115732","2013-04-12 12:12:04.115732",1,
936,"Neolithique recent (Byblos), ASPRO 8, Chalkolithikum",75,"2013-04-12 12:12:04.123247","2013-04-12 12:12:04.123247",1,
937,"Neolithique recent/Eneolithique (Byblos), ASPRO 9, Chalkolithikum",75,"2013-04-12 12:12:04.130819","2013-04-12 12:12:04.130819",1,
938,"Obeid-früh, Samarra, ASPRO 8, Vor-Obeid, Obeid 1",75,"2013-04-12 12:12:04.138051","2013-04-12 12:12:04.138051",1,
939,"Obeid, Yahya VA spät",75,"2013-04-12 12:12:04.145298","2013-04-12 12:12:04.145298",1,
940,"PN A, B, Chalkolithikum, ASPRO 9 oder 8",75,"2013-04-12 12:12:04.152987","2013-04-12 12:12:04.152987",1,
941,"PN, ASPRO 8, Spätneolithikum, Chalkolithikum",75,"2013-04-12 12:12:04.160599","2013-04-12 12:12:04.160599",1,
942,"Prototiszapolgár, Szakalhat-frühes Theiß",75,"2013-04-12 12:12:04.168246","2013-04-12 12:12:04.168246",1,
943,"Samarra, ASPRO 6, Halaf",75,"2013-04-12 12:12:04.175583","2013-04-12 12:12:04.175583",1,
944,"Sesklo, Tsangli",75,"2013-04-12 12:12:04.183073","2013-04-12 12:12:04.183073",1,
945,"Spätes Akeramikum, Neolithikum 2, ASPRO 4, jünger als Mureybet IV, Bouqras, Assouad",75,"2013-04-12 12:12:04.190444","2013-04-12 12:12:04.190444",1,
946,"Spätes Äneolithikum, Stage V, Nakhichevan-Mil'sk-Mugani, Übergang Äneolithikum - Kura-Arax-Kultur, Dalma, Halaf, ASPRO 8",75,"2013-04-12 12:12:04.198012","2013-04-12 12:12:04.198012",1,
947,"spätes Mittelneolithikum (Sitagroi II?),  Karanovo III, Paradimi",75,"2013-04-12 12:12:04.205492","2013-04-12 12:12:04.205492",1,
948,"Sursk-Dnepr spät oder Dnepr-Donetz früh",75,"2013-04-12 12:12:04.212786","2013-04-12 12:12:04.212786",1,
949,"""Theißkultur, Herpalykultur Spätneolithikum""",75,"2013-04-12 12:12:04.220145","2013-04-12 12:12:04.220145",1,
950,"Vucedol-Kultur, Kostolac",75,"2013-04-12 12:12:04.227638","2013-04-12 12:12:04.227638",1,
951,"Wende Mittel-, Spätneolithikum",75,"2013-04-12 12:12:04.235137","2013-04-12 12:12:04.235137",1,
952,"frühes Szakalhat, Bükk, Gorsza B, Vinca-Turdas",75,"2013-04-12 12:12:04.242318","2013-04-12 16:55:07.25869",1,
870,"älteres",65,"2013-04-12 11:39:26.746619","2013-04-12 11:39:26.746619",1,
887,"PPNB final, ASPRO 5",142,"2013-04-12 11:59:16.727461","2013-04-12 11:59:16.727461",1,
889,"spätes Szakálhát, frühes Theiß",179,"2013-04-12 12:03:36.425298","2013-04-12 12:03:36.425298",1,
890,"spätes Szakálhát, Theiß I, Öcsöd A",179,"2013-04-12 12:03:36.432739","2013-04-12 12:03:36.432739",1,
891,"Szakalhat, frühes Theiß",179,"2013-04-12 12:03:36.439735","2013-04-12 12:05:55.609813",1,
892,"Szakálhát, Szilmeg",179,"2013-04-12 12:05:55.613105","2013-04-12 12:05:55.613105",1,
893,"Szakalhat, Theiß",179,"2013-04-12 12:05:55.616144","2013-04-12 12:05:55.616144",1,
894,"Theißkultur, Herpalykultur",179,"2013-04-12 12:05:55.619002","2013-04-12 12:05:55.619002",1,
895,"frühes Szakalhat, Bükk",179,"2013-04-12 12:05:55.622432","2013-04-12 12:13:21.367192",1,
888,"unbemalte Keramik, Hassuna Ia, ASPRO 5, Vor-Obeid",168,"2013-04-12 12:00:11.826925","2013-04-12 12:00:11.826925",1,
953,"Susa IIIA, Protoelamisch, Djemdet-Nasr",88,"2013-04-12 12:18:03.779891","2013-04-12 12:18:03.779891",1,
954,"Hotnica-Vodopada I/II, Pevec-Kultur (Cernavoda I), KSB-Kultur B, C1",88,"2013-04-12 12:18:03.783348","2013-04-12 12:18:03.783348",1,
955,"Galepsos, Marica, Gumelnita, KGK VI, Karanovo V und VI",88,"2013-04-12 12:18:03.786362","2013-04-12 12:18:03.786362",1,
956,"Beycesultan SK 1-2, Alisar, Alacahöyük SK, Can Hasan I, Tigani",88,"2013-04-12 12:18:03.789424","2013-04-12 12:18:03.789424",1,
957,"(Mittel-)Chalkolithikum, ASPRO 8",88,"2013-04-12 12:18:03.793151","2013-04-12 12:18:03.793151",1,
958,"Beginn Spätchalkolithikum, Beycesultan XL-XXXV",88,"2013-04-12 12:18:03.796573","2013-04-12 12:18:03.796573",1,
959,"Chalcolithique Moyen II, Halaf, Amuq D, ASPRO 8",88,"2013-04-12 12:18:03.801372","2013-04-12 12:18:03.801372",1,
960,"Chalcolithique Récent I, Amuq E, ASPRO 8",88,"2013-04-12 12:18:03.807825","2013-04-12 12:18:03.807825",1,
961,"Chalkolithikum (Büyük Güllücek, Pazarli, Yakar: SK/ITC, Ende 4. Jt., Alisar 14M-12M",88,"2013-04-12 12:18:03.81403","2013-04-12 12:18:03.81403",1,
962,"Chalkolithikum I",88,"2013-04-12 12:18:03.820727","2013-04-12 12:18:03.820727",1,
963,"Chalkolithikum II/III",88,"2013-04-12 12:18:03.827934","2013-04-12 12:18:03.827934",1,
964,"Chalkolithikum spät",88,"2013-04-12 12:18:03.835393","2013-04-12 12:18:03.835393",1,
965,"Chalkolithikum, ASPRO 8, PNB, Wadi Rabah",88,"2013-04-12 12:18:03.842768","2013-04-12 12:18:03.842768",1,
966,"Chalkolithikum, ASPRO 9",88,"2013-04-12 12:18:03.849884","2013-04-12 12:18:03.849884",1,
967,"Early Chalcolithic, Shahnabad",88,"2013-04-12 12:18:03.856985","2013-04-12 12:18:03.856985",1,
968,"Farukh Phase, ASPRO 9, Obeid",88,"2013-04-12 12:18:03.864407","2013-04-12 12:18:03.864407",1,
969,"Frühchalkolithikum",88,"2013-04-12 12:18:03.871858","2013-04-12 12:18:03.871858",1,
970,"Frühchalkolithikum II, Çatal Höyük West II, ASPRO 7",88,"2013-04-12 12:18:03.879068","2013-04-12 12:18:03.879068",1,
971,"Frühchalkolithikum, ASPRO 6",88,"2013-04-12 12:18:03.886088","2013-04-12 12:18:03.886088",1,
972,"Frühchalkolithikum, ASPRO 7",88,"2013-04-12 12:18:03.893533","2013-04-12 12:18:03.893533",1,
973,"Frühchalkolithikum, Übergang Vinca B-C, Karanovo III-IV, Klassisches Theiß",88,"2013-04-12 12:18:03.901003","2013-04-12 12:18:03.901003",1,
974,"Frühchalkolithikum, Yarimburgaz 3/2",88,"2013-04-12 12:18:03.908395","2013-04-12 12:18:03.908395",1,
975,"Kupferzeit, Proto-Elamite Transitional, Tureng Tepe IIB, Sialk IV1, Protoelamisch, Jemdet Nasr bis ED II",88,"2013-04-12 12:18:03.915589","2013-04-12 12:18:03.915589",1,
976,"Late Chalcolithic 1, ASPRO 8, Spätchalkolithikum",88,"2013-04-12 12:18:03.923402","2013-04-12 12:18:03.923402",1,
977,"Late Chalcolithic 3, ASPRO 9, Spätchalkolithikum",88,"2013-04-12 12:18:03.930978","2013-04-12 12:18:03.930978",1,
978,"Lokales Chalkolithikum, ASPRO 9",88,"2013-04-12 12:18:03.938068","2013-04-12 12:18:03.938068",1,
979,"Lokales Spätchalkolithikum, Amuq F, Uruk spät",88,"2013-04-12 12:18:03.94528","2013-04-12 12:18:03.94528",1,
980,"Seh Gabi, Dalma, ASPRO 9, Obeid, Godin IX",88,"2013-04-12 12:18:03.952587","2013-04-12 12:18:03.952587",1,
981,"Shahnabad, ASPRO 8, Obeid, Early Chalcolithic",88,"2013-04-12 12:18:03.960046","2013-04-12 12:18:03.960046",1,
982,"Siahbid früh, Obeid früh, Giyan, ASPRO 9, Obeid, Dalma",88,"2013-04-12 12:18:03.967412","2013-04-12 12:18:03.967412",1,
983,"Siahbid spät, Obeid früh, Giyan, ASPRO 9, Obeid, Dalma",88,"2013-04-12 12:18:03.974721","2013-04-12 12:18:03.974721",1,
984,"Spätchalkolithikum",88,"2013-04-12 12:18:03.981922","2013-04-12 12:18:03.981922",1,
985,"Spätchalkolithikum (Kumtepe Ia)",88,"2013-04-12 12:18:03.989468","2013-04-12 12:18:03.989468",1,
986,"Spätchalkolithikum (Nigde Kösk Höyük obere Schicht, nördliches Obeid",88,"2013-04-12 12:18:03.996935","2013-04-12 12:18:03.996935",1,
987,"Spätchalkolithikum, ASPRO 8/9",88,"2013-04-12 12:18:04.004323","2013-04-12 12:18:04.004323",1,
988,"Spätchalkolithikum, ASPRO 9",88,"2013-04-12 12:18:04.011448","2013-04-12 12:18:04.011448",1,
989,"Spätchalkolithikum, Beycesultan XL-XXXV, ASPRO 8/9",88,"2013-04-12 12:18:04.018756","2013-04-12 12:18:04.018756",1,
990,"Spätchalkolithikum, Mittelchalkolithikum (French), ASPRO 7",88,"2013-04-12 12:18:04.026215","2013-04-12 12:18:04.026215",1,
991,"Spätchalkolithikum/Frühbronzezeit-Übergang, vor Troia I",88,"2013-04-12 12:18:04.033761","2013-04-12 12:18:04.033761",1,
992,"Susa II, Uruk",88,"2013-04-12 12:18:04.040894","2013-04-12 12:18:04.040894",1,
993,"Tepecik, Tülintepe, Habusu Körtepe, Cayboyu, Kurupinar, Tarsus, Amik A und B, Halaf, Obeid, Amik D, ASPRO 8, Frühchalkolithikum",88,"2013-04-12 12:18:04.048202","2013-04-12 12:18:04.048202",1,
994,"I",117,"2013-04-12 12:30:06.69746","2013-04-12 12:30:06.69746",1,
995,"II",117,"2013-04-12 12:30:06.701057","2013-04-12 12:30:06.701057",1,
996,"Zentralbalkanisches Mittelneolithikum (Starcevo II-III)",108,"2013-04-12 16:06:26.92163","2013-04-12 16:06:26.92163",1,
997,"Herpály, Szakalhat-frühes Theiß, Prototiszapolgár",179,"2013-04-12 16:08:26.271124","2013-04-12 16:08:26.271124",1,
998,"spätes Szakálhát, frühes und klassisches Theiß",179,"2013-04-12 16:12:16.656306","2013-04-12 16:12:16.656306",1,
999,"III-IV",196,"2013-04-12 16:15:21.466483","2013-04-12 16:15:21.466483",1,
1000,"Öcsöd B, Kökénydomb II, Gorsza D/C, spätes Szakálhát, Theiß I, Öcsöd A",50,"2013-04-12 16:20:21.30092","2013-04-12 16:20:21.30092",1,
1001,"frühes Szakalhat, Bükk, Gorsza B, klassisches und spätes Theiß, Gorsza C",50,"2013-04-12 16:22:05.836063","2013-04-12 16:22:05.836063",1,
1002,"B-C",114,"2013-04-12 16:29:40.443468","2013-04-12 16:29:40.443468",1,
1003,"Frühes bis Spätes Akeramikum, Neolithikum 2, ASPRO 4, Mureybet IV und jünger, Bouqras, Assouad",75,"2013-04-12 16:31:21.169064","2013-04-12 16:31:45.017763",1,
1004,"Endkupferzeit I-II, Salcuta-Telis-Baile Herculane-Komplex, KSBh Ia",177,"2013-04-12 16:34:47.310784","2013-04-12 16:34:47.310784",1,
1005,"I-II, ASPRO 8-9",157,"2013-04-12 16:36:52.039514","2013-04-12 16:36:52.039514",1,
1006,"n/a",143,"2013-04-12 16:37:36.884588","2013-04-12 16:37:36.884588",1,
1007,"Hotnica-Vodopada I/II, Pevec-Kultur (Cernavoda I), KSB-Kultur B, C1, Krivodol IV/V, letzte Phase der Krivodol-Salcuta-Bubanj-Kultur, KSBh Ia",50,"2013-04-12 16:56:08.762541","2013-04-12 16:56:08.762541",1,
1008,"jüngeres Baden, Kostolac, Vucedol-Kultur",88,"2013-04-12 16:58:21.736917","2013-04-12 16:58:21.736917",1,
1009,"Spätes Äneolithikum, Stage V, Nakhichevan-Mil'sk-Mugani, Übergang Äneolithikum - Kura-Arax-Kultur, Dalma, Halaf, ASPRO 8, Spätneolithikum, Stage I und II, Äneolithikum, Dalma, Halaf,  Nakhichevan-Mil'sk-Mugani",75,"2013-04-12 16:59:42.120441","2013-04-12 16:59:42.120441",1,
1010,"I-II",202,"2013-04-12 17:00:32.324486","2013-04-12 17:00:32.324486",1,
1011,"II-IV",202,"2013-04-12 17:01:27.761106","2013-04-12 17:01:27.761106",1,
1012,"IV-V",202,"2013-04-12 17:02:33.565094","2013-04-12 17:02:33.565094",1,
1013,"Hadji Mohammed, ASPRO 8, Vor-Obeid, Obeid 1-2",75,"2013-04-12 17:04:14.850823","2013-04-12 17:04:14.850823",1,
1014,"PPNB früh, ASPRO 3, keramisches Neolithikum, Äneolithikum, Shulaweri-Shomu-Gruppe I",75,"2013-04-12 17:05:06.687188","2013-04-12 17:05:06.687188",1,
1015,"Ganj Dareh?, ASPRO 2-3",142,"2013-04-12 17:06:19.657595","2013-04-12 17:06:19.657595",1,
1016,"PPN, ASPRO 2-3",142,"2013-04-12 17:07:39.539074","2013-04-12 17:07:39.539074",1,
1017,"PPNA spät – PPNB, ASPRO 3",142,"2013-04-12 17:08:19.618414","2013-04-12 17:08:19.618414",1,
1018,"Yalangach=Namazga II früh – III, ASPRO 9",157,"2013-04-12 17:09:47.989872","2013-04-12 17:09:47.989872",1,
1019,"Epinatufien, Khiamien, ASPRO 2, PPN A",142,"2013-04-12 17:12:25.521258","2013-04-12 17:12:25.521258",1,
1020,"Néolithique Moyen - Récent, Amuq B, Impresso, ASPRO 5-6",50,"2013-04-12 17:13:46.17445","2013-04-12 17:13:46.17445",1,
1021,"Chalcolithique Moyen II-Récent I, Halaf, Amuq D-E, ASPRO 8",88,"2013-04-12 17:14:41.440057","2013-04-12 17:14:41.440057",1,
1022,"Dalma, ASPRO 8-9, Obeid, Siabid, Godin IX-X, Seh Gabi",75,"2013-04-12 17:16:00.702704","2013-04-12 17:16:00.702704",1,
1023,"Siahbid, Obeid früh, Giyan, ASPRO 9, Obeid, Dalma",88,"2013-04-12 17:17:21.029434","2013-04-12 17:17:21.029434",1,
1024,"ASPRO 8-9",171,"2013-04-12 17:18:17.459344","2013-04-12 17:18:17.459344",1,
1025,"ASPRO 6-8, Cheshmeh Ali, Sialk I-II",50,"2013-04-12 17:19:27.937922","2013-04-12 17:19:27.937922",1,
1026,"ASPRO 5-6, Zagheh, Sialk I",50,"2013-04-12 17:20:17.287096","2013-04-12 17:20:17.287096",1,
1027,"Neolithikum, Fayum A und früher",75,"2013-04-12 17:21:29.074313","2013-04-12 17:21:29.074313",1,
1028,"Neolithique recent/Eneolithique (Byblos), ASPRO 8-9, Chalkolithikum",75,"2013-04-12 17:22:44.530386","2013-04-12 17:22:44.530386",1,
1029,"Phase Cheshmeh Nush, Susa II, Late Uruk",194,"2013-04-12 17:23:50.108013","2013-04-12 17:23:50.108013",1,
1030,"Kupferzeit, Proto-Elamite Transitional, Tureng Tepe IIB, Sialk III6-7 -IV1, Protoelamisch, Jemdet Nasr bis ED II",75,"2013-04-12 17:24:58.860178","2013-04-12 17:24:58.860178",1,
1031,"Djemdet Nasr, Gawra spät, Obeid, Gawra XI, Obeid 3, Obeid spät, ASPRO 8, 9, Uruk",68,"2013-04-12 17:26:30.874041","2013-04-12 17:26:30.874041",1,
1032,"Übergang Sopot/Lasinja, Sece, vor Beginn Baden, Retz-Gajary",50,"2013-04-12 17:28:59.26406","2013-04-12 17:28:59.26406",1,
1033,"Spätchalkolithikum/Frühbronzezeit-Übergang, Troia I und früher",50,"2013-04-12 17:30:02.557761","2013-04-12 17:30:02.557761",1,
1034,"Vinca-Plocnik, Vinca IV und D, Supska 2/1",114,"2013-04-12 17:32:40.266745","2013-04-12 17:32:40.266745",1,
1035,"n/a",209,"2014-03-28 13:23:19.919444","2014-03-28 13:23:19.919444",2,
1036,"C/D",114,"2014-03-31 16:27:20.834383","2014-03-31 16:27:20.834383",3,
1037,"A/B",114,"2014-04-04 08:29:39.688889","2014-04-04 08:29:39.688889",4,
1038,"B1",140,"2014-04-16 10:17:59.948245","2014-04-16 10:17:59.948245",5,
1039,"Early Tripolye",140,"2014-04-16 12:28:44.415349","2014-04-16 12:28:44.415349",6,
1040,"A",140,"2014-04-16 12:30:42.554999","2014-04-16 12:30:42.554999",7,
1041,"A-B1",121,"2014-04-16 15:28:00.050358","2014-04-16 15:28:00.050358",8,
1042,"A2",121,"2014-04-16 15:28:32.590976","2014-04-16 15:28:32.590976",9,
1043,"A3",121,"2014-04-16 15:28:50.291807","2014-04-16 15:28:50.291807",10,
1044,"A4",121,"2014-04-16 15:29:09.304336","2014-04-16 15:29:09.304336",11,
1045,"B1/B2",121,"2014-04-16 15:29:54.542531","2014-04-16 15:29:54.542531",12,
1046,"B1b",121,"2014-04-16 15:30:09.733771","2014-04-16 15:30:09.733771",13,
1047,"B2",121,"2014-04-16 15:32:31.227377","2014-04-16 15:32:31.227377",14,
1048,"H",121,"2014-04-16 15:32:31.231403","2014-04-16 15:32:31.231403",15,
1049,"C1-2",140,"2014-04-16 15:34:47.012927","2014-04-16 15:34:47.012927",16,
1050,"A2/A3",121,"2014-04-16 15:35:49.9361","2014-04-16 15:35:49.9361",17,
1051,"H1",210,"2014-04-16 15:37:39.438274","2014-04-16 15:37:39.438274",18,
1052,"H2",210,"2014-04-16 15:37:39.442281","2014-04-16 15:37:39.442281",19,
1053,"Baden-Analogie",65,"2014-05-20 12:13:01.038324","2014-05-20 12:13:01.038324",20,
1054,"Baden?",65,"2014-05-20 12:13:01.044219","2014-05-20 12:13:01.044219",21,
1055,"Baden-Boleráz",65,"2014-05-20 12:13:01.048272","2014-05-20 12:13:01.048272",22,
1056,"Baden-Klassisch- Červeny Hradok",65,"2014-05-20 12:13:01.052194","2014-05-20 12:13:01.052194",23,
1057,"Baden-Ossarn I",65,"2014-05-20 12:13:01.056036","2014-05-20 12:13:01.056036",24,
1058,"Baden-Ossam-II",65,"2014-05-20 12:13:01.059931","2014-05-20 12:13:01.059931",25,
1059,"Baden-Šturovo- Protoboleráz",65,"2014-05-20 12:13:01.063718","2014-05-20 12:13:01.063718",26,
